onset	duration	trial_type	response_time	sample	value
6.1493000000	0.0002000000	stimulus	n/a	61493.0000000000	med2
6.3897000000	0.0002000000	stimulus	n/a	63897.0000000000	med12
6.6377000000	0.0002000000	stimulus	n/a	66377.0000000000	med12
6.8863000000	0.0002000000	stimulus	n/a	68863.0000000000	med1
7.1494000000	0.0002000000	stimulus	n/a	71494.0000000000	med1
7.4284000000	0.0002000000	stimulus	n/a	74284.0000000000	med1
7.6994000000	0.0002000000	stimulus	n/a	76994.0000000000	med2
7.9677000000	0.0002000000	stimulus	n/a	79677.0000000000	med12
8.2127000000	0.0002000000	stimulus	n/a	82127.0000000000	med12
8.4639000000	0.0002000000	stimulus	n/a	84639.0000000000	med1
8.7350000000	0.0002000000	stimulus	n/a	87350.0000000000	med12
8.9803000000	0.0002000000	stimulus	n/a	89803.0000000000	med2
9.2424000000	0.0002000000	stimulus	n/a	92424.0000000000	med1
9.4845000000	0.0002000000	stimulus	n/a	94845.0000000000	med12
9.7285000000	0.0002000000	stimulus	n/a	97285.0000000000	med2
9.9695000000	0.0002000000	stimulus	n/a	99695.0000000000	med1
10.2115000000	0.0002000000	stimulus	n/a	102115.0000000000	med12
10.4465000000	0.0002000000	stimulus	n/a	104465.0000000000	med12
10.6975000000	0.0002000000	stimulus	n/a	106975.0000000000	med12
10.9425000000	0.0002000000	stimulus	n/a	109425.0000000000	med2
11.2019000000	0.0002000000	stimulus	n/a	112019.0000000000	med2
11.4540000000	0.0002000000	stimulus	n/a	114540.0000000000	med12
11.7052000000	0.0002000000	stimulus	n/a	117052.0000000000	med2
11.9482000000	0.0002000000	stimulus	n/a	119482.0000000000	med1
12.2093000000	0.0002000000	stimulus	n/a	122093.0000000000	med2
12.4933000000	0.0002000000	stimulus	n/a	124933.0000000000	med1
12.7464000000	0.0002000000	stimulus	n/a	127464.0000000000	med1
13.0297000000	0.0002000000	stimulus	n/a	130297.0000000000	med1
13.2848000000	0.0002000000	stimulus	n/a	132848.0000000000	med2
13.5348000000	0.0002000000	stimulus	n/a	135348.0000000000	med2
13.7917000000	0.0002000000	stimulus	n/a	137917.0000000000	med12
14.0658000000	0.0002000000	stimulus	n/a	140658.0000000000	med2
14.3258000000	0.0002000000	stimulus	n/a	143258.0000000000	med2
14.5839000000	0.0002000000	stimulus	n/a	145839.0000000000	med1
14.8632000000	0.0002000000	stimulus	n/a	148632.0000000000	med1
15.1383000000	0.0002000000	stimulus	n/a	151383.0000000000	med1
15.3793000000	0.0002000000	stimulus	n/a	153793.0000000000	med2
15.6203000000	0.0002000000	stimulus	n/a	156203.0000000000	med2
15.8594000000	0.0002000000	stimulus	n/a	158594.0000000000	med1
16.1064000000	0.0002000000	stimulus	n/a	161064.0000000000	med1
16.3674000000	0.0002000000	stimulus	n/a	163674.0000000000	med2
16.6164000000	0.0002000000	stimulus	n/a	166164.0000000000	med1
16.9033000000	0.0002000000	stimulus	n/a	169033.0000000000	med2
17.1675000000	0.0002000000	stimulus	n/a	171675.0000000000	med2
17.4356000000	0.0002000000	stimulus	n/a	174356.0000000000	med1
17.6986000000	0.0002000000	stimulus	n/a	176986.0000000000	med1
17.9736000000	0.0002000000	stimulus	n/a	179736.0000000000	med2
18.2347000000	0.0002000000	stimulus	n/a	182347.0000000000	med12
18.4756000000	0.0002000000	stimulus	n/a	184756.0000000000	med1
18.7240000000	0.0002000000	stimulus	n/a	187240.0000000000	med12
18.9960000000	0.0002000000	stimulus	n/a	189960.0000000000	med12
19.2710000000	0.0002000000	stimulus	n/a	192710.0000000000	med1
19.5181000000	0.0002000000	stimulus	n/a	195181.0000000000	med1
19.7822000000	0.0002000000	stimulus	n/a	197822.0000000000	med12
20.0262000000	0.0002000000	stimulus	n/a	200262.0000000000	med12
20.2817000000	0.0002000000	stimulus	n/a	202817.0000000000	med12
20.5347000000	0.0002000000	stimulus	n/a	205347.0000000000	med2
20.8037000000	0.0002000000	stimulus	n/a	208037.0000000000	med2
21.0641000000	0.0002000000	stimulus	n/a	210641.0000000000	med1
21.3371000000	0.0002000000	stimulus	n/a	213371.0000000000	med12
21.5715000000	0.0002000000	stimulus	n/a	215715.0000000000	med12
21.8385000000	0.0002000000	stimulus	n/a	218385.0000000000	med12
22.1246000000	0.0002000000	stimulus	n/a	221246.0000000000	med12
22.4047000000	0.0002000000	stimulus	n/a	224047.0000000000	med2
22.6430000000	0.0002000000	stimulus	n/a	226430.0000000000	med2
22.8912000000	0.0002000000	stimulus	n/a	228912.0000000000	med12
23.1523000000	0.0002000000	stimulus	n/a	231523.0000000000	med1
23.4247000000	0.0002000000	stimulus	n/a	234247.0000000000	med1
23.6798000000	0.0002000000	stimulus	n/a	236798.0000000000	med2
23.9237000000	0.0002000000	stimulus	n/a	239237.0000000000	med12
24.1721000000	0.0002000000	stimulus	n/a	241721.0000000000	med1
24.4411000000	0.0002000000	stimulus	n/a	244411.0000000000	med2
24.7022000000	0.0002000000	stimulus	n/a	247022.0000000000	med1
24.9361000000	0.0002000000	stimulus	n/a	249361.0000000000	med2
25.2161000000	0.0002000000	stimulus	n/a	252161.0000000000	med1
25.4682000000	0.0002000000	stimulus	n/a	254682.0000000000	med12
25.7442000000	0.0002000000	stimulus	n/a	257442.0000000000	med12
26.0081000000	0.0002000000	stimulus	n/a	260081.0000000000	med1
26.2761000000	0.0002000000	stimulus	n/a	262761.0000000000	med1
26.5332000000	0.0002000000	stimulus	n/a	265332.0000000000	med1
26.7991000000	0.0002000000	stimulus	n/a	267991.0000000000	med1
27.0375000000	0.0002000000	stimulus	n/a	270375.0000000000	med2
27.3096000000	0.0002000000	stimulus	n/a	273096.0000000000	med2
27.5546000000	0.0002000000	stimulus	n/a	275546.0000000000	med12
27.7997000000	0.0002000000	stimulus	n/a	277997.0000000000	med1
28.0348000000	0.0002000000	stimulus	n/a	280348.0000000000	med2
28.2769000000	0.0002000000	stimulus	n/a	282769.0000000000	med1
28.5539000000	0.0002000000	stimulus	n/a	285539.0000000000	med2
28.8329000000	0.0002000000	stimulus	n/a	288329.0000000000	med12
29.0930000000	0.0002000000	stimulus	n/a	290930.0000000000	med1
29.3571000000	0.0002000000	stimulus	n/a	293571.0000000000	med2
29.6172000000	0.0002000000	stimulus	n/a	296172.0000000000	med12
29.8601000000	0.0002000000	stimulus	n/a	298601.0000000000	med1
30.1275000000	0.0002000000	stimulus	n/a	301275.0000000000	med2
30.4095000000	0.0002000000	stimulus	n/a	304095.0000000000	med12
30.6845000000	0.0002000000	stimulus	n/a	306845.0000000000	med2
30.9458000000	0.0002000000	stimulus	n/a	309458.0000000000	med12
31.2119000000	0.0002000000	stimulus	n/a	312119.0000000000	med12
31.4798000000	0.0002000000	stimulus	n/a	314798.0000000000	med1
31.7489000000	0.0002000000	stimulus	n/a	317489.0000000000	med12
32.0099000000	0.0002000000	stimulus	n/a	320099.0000000000	med2
32.2825000000	0.0002000000	stimulus	n/a	322825.0000000000	med1
32.5398000000	0.0002000000	stimulus	n/a	325398.0000000000	med12
32.8008000000	0.0002000000	stimulus	n/a	328008.0000000000	med2
33.0449000000	0.0002000000	stimulus	n/a	330449.0000000000	med1
33.3142000000	0.0002000000	stimulus	n/a	333142.0000000000	med12
33.5562000000	0.0002000000	stimulus	n/a	335562.0000000000	med12
33.7972000000	0.0002000000	stimulus	n/a	337972.0000000000	med2
34.0723000000	0.0002000000	stimulus	n/a	340723.0000000000	med1
34.3383000000	0.0002000000	stimulus	n/a	343383.0000000000	med12
34.6084000000	0.0002000000	stimulus	n/a	346084.0000000000	med2
34.8924000000	0.0002000000	stimulus	n/a	348924.0000000000	med1
35.1713000000	0.0002000000	stimulus	n/a	351713.0000000000	med12
35.4584000000	0.0002000000	stimulus	n/a	354584.0000000000	med12
35.7195000000	0.0002000000	stimulus	n/a	357195.0000000000	med12
35.9935000000	0.0002000000	stimulus	n/a	359935.0000000000	med1
36.2549000000	0.0002000000	stimulus	n/a	362549.0000000000	med1
36.5049000000	0.0002000000	stimulus	n/a	365049.0000000000	med12
36.7760000000	0.0002000000	stimulus	n/a	367760.0000000000	med1
37.0190000000	0.0002000000	stimulus	n/a	370190.0000000000	med1
37.2731000000	0.0002000000	stimulus	n/a	372731.0000000000	med12
37.5472000000	0.0002000000	stimulus	n/a	375472.0000000000	med12
37.8181000000	0.0002000000	stimulus	n/a	378181.0000000000	med12
38.0585000000	0.0002000000	stimulus	n/a	380585.0000000000	med2
38.3175000000	0.0002000000	stimulus	n/a	383175.0000000000	med12
38.5915000000	0.0002000000	stimulus	n/a	385915.0000000000	med1
38.8556000000	0.0002000000	stimulus	n/a	388556.0000000000	med2
39.1277000000	0.0002000000	stimulus	n/a	391277.0000000000	med12
39.3956000000	0.0002000000	stimulus	n/a	393956.0000000000	med2
39.6327000000	0.0002000000	stimulus	n/a	396327.0000000000	med1
39.8977000000	0.0002000000	stimulus	n/a	398977.0000000000	med12
40.1687000000	0.0002000000	stimulus	n/a	401687.0000000000	med1
40.4200000000	0.0002000000	stimulus	n/a	404200.0000000000	med2
40.6971000000	0.0002000000	stimulus	n/a	406971.0000000000	med2
40.9811000000	0.0002000000	stimulus	n/a	409811.0000000000	med12
41.2190000000	0.0002000000	stimulus	n/a	412190.0000000000	med12
41.4761000000	0.0002000000	stimulus	n/a	414761.0000000000	med2
41.7330000000	0.0002000000	stimulus	n/a	417330.0000000000	med1
42.0162000000	0.0002000000	stimulus	n/a	420162.0000000000	med1
42.2555000000	0.0002000000	stimulus	n/a	422555.0000000000	med2
42.5295000000	0.0002000000	stimulus	n/a	425295.0000000000	med1
42.7667000000	0.0002000000	stimulus	n/a	427667.0000000000	med12
43.0077000000	0.0002000000	stimulus	n/a	430077.0000000000	med2
43.2887000000	0.0002000000	stimulus	n/a	432887.0000000000	med2
43.5368000000	0.0002000000	stimulus	n/a	435368.0000000000	med12
43.7798000000	0.0002000000	stimulus	n/a	437798.0000000000	med1
44.0359000000	0.0002000000	stimulus	n/a	440359.0000000000	med2
44.2919000000	0.0002000000	stimulus	n/a	442919.0000000000	med2
44.5681000000	0.0002000000	stimulus	n/a	445681.0000000000	med2
44.8421000000	0.0002000000	stimulus	n/a	448421.0000000000	med1
45.1062000000	0.0002000000	stimulus	n/a	451062.0000000000	med1
45.3666000000	0.0002000000	stimulus	n/a	453666.0000000000	med1
45.6236000000	0.0002000000	stimulus	n/a	456236.0000000000	med12
45.8765000000	0.0002000000	stimulus	n/a	458765.0000000000	med1
46.1309000000	0.0002000000	stimulus	n/a	461309.0000000000	med12
46.3909000000	0.0002000000	stimulus	n/a	463909.0000000000	med12
46.6470000000	0.0002000000	stimulus	n/a	466470.0000000000	med2
46.9099000000	0.0002000000	stimulus	n/a	469099.0000000000	med12
47.1730000000	0.0002000000	stimulus	n/a	471730.0000000000	med2
47.4563000000	0.0002000000	stimulus	n/a	474563.0000000000	med12
47.7184000000	0.0002000000	stimulus	n/a	477184.0000000000	med1
47.9638000000	0.0002000000	stimulus	n/a	479638.0000000000	med12
48.2389000000	0.0002000000	stimulus	n/a	482389.0000000000	med2
48.4969000000	0.0002000000	stimulus	n/a	484969.0000000000	med2
48.7749000000	0.0002000000	stimulus	n/a	487749.0000000000	med2
49.0340000000	0.0002000000	stimulus	n/a	490340.0000000000	med2
49.2711000000	0.0002000000	stimulus	n/a	492711.0000000000	med12
49.5141000000	0.0002000000	stimulus	n/a	495141.0000000000	med2
49.7971000000	0.0002000000	stimulus	n/a	497971.0000000000	med2
50.0401000000	0.0002000000	stimulus	n/a	500401.0000000000	med1
50.2964000000	0.0002000000	stimulus	n/a	502964.0000000000	med12
50.5403000000	0.0002000000	stimulus	n/a	505403.0000000000	med1
50.7767000000	0.0002000000	stimulus	n/a	507767.0000000000	med12
51.0447000000	0.0002000000	stimulus	n/a	510447.0000000000	med2
51.3127000000	0.0002000000	stimulus	n/a	513127.0000000000	med12
51.5588000000	0.0002000000	stimulus	n/a	515588.0000000000	med2
51.8190000000	0.0002000000	stimulus	n/a	518190.0000000000	med2
52.0830000000	0.0002000000	stimulus	n/a	520830.0000000000	med1
52.3611000000	0.0002000000	stimulus	n/a	523611.0000000000	med1
52.6102000000	0.0002000000	stimulus	n/a	526102.0000000000	med1
52.8943000000	0.0002000000	stimulus	n/a	528943.0000000000	med1
53.1654000000	0.0002000000	stimulus	n/a	531654.0000000000	med1
53.4063000000	0.0002000000	stimulus	n/a	534063.0000000000	med12
53.6487000000	0.0002000000	stimulus	n/a	536487.0000000000	med1
53.9138000000	0.0002000000	stimulus	n/a	539138.0000000000	med12
54.1739000000	0.0002000000	stimulus	n/a	541739.0000000000	med12
54.4309000000	0.0002000000	stimulus	n/a	544309.0000000000	med1
54.6909000000	0.0002000000	stimulus	n/a	546909.0000000000	med1
54.9450000000	0.0002000000	stimulus	n/a	549450.0000000000	med12
55.2070000000	0.0002000000	stimulus	n/a	552070.0000000000	med2
55.4580000000	0.0002000000	stimulus	n/a	554580.0000000000	med12
55.7360000000	0.0002000000	stimulus	n/a	557360.0000000000	med12
56.0131000000	0.0002000000	stimulus	n/a	560131.0000000000	med12
56.2890000000	0.0002000000	stimulus	n/a	562890.0000000000	med2
56.5423000000	0.0002000000	stimulus	n/a	565423.0000000000	med1
56.7964000000	0.0002000000	stimulus	n/a	567964.0000000000	med2
57.0515000000	0.0002000000	stimulus	n/a	570515.0000000000	med12
57.2885000000	0.0002000000	stimulus	n/a	572885.0000000000	med12
57.5395000000	0.0002000000	stimulus	n/a	575395.0000000000	med2
57.8191000000	0.0002000000	stimulus	n/a	578191.0000000000	med12
58.1002000000	0.0002000000	stimulus	n/a	581002.0000000000	med1
58.3453000000	0.0002000000	stimulus	n/a	583453.0000000000	med2
58.6005000000	0.0002000000	stimulus	n/a	586005.0000000000	med12
58.8578000000	0.0002000000	stimulus	n/a	588578.0000000000	med2
59.1041000000	0.0002000000	stimulus	n/a	591041.0000000000	med12
59.3591000000	0.0002000000	stimulus	n/a	593591.0000000000	med12
59.6062000000	0.0002000000	stimulus	n/a	596062.0000000000	med1
59.8502000000	0.0002000000	stimulus	n/a	598502.0000000000	med2
60.1153000000	0.0002000000	stimulus	n/a	601153.0000000000	med2
60.3767000000	0.0002000000	stimulus	n/a	603767.0000000000	med1
60.6317000000	0.0002000000	stimulus	n/a	606317.0000000000	med1
60.9107000000	0.0002000000	stimulus	n/a	609107.0000000000	med1
61.1798000000	0.0002000000	stimulus	n/a	611798.0000000000	med1
61.4618000000	0.0002000000	stimulus	n/a	614618.0000000000	med1
61.7330000000	0.0002000000	stimulus	n/a	617330.0000000000	med1
61.9701000000	0.0002000000	stimulus	n/a	619701.0000000000	med12
62.2092000000	0.0002000000	stimulus	n/a	622092.0000000000	med1
62.4892000000	0.0002000000	stimulus	n/a	624892.0000000000	med1
62.7636000000	0.0002000000	stimulus	n/a	627636.0000000000	med12
63.0196000000	0.0002000000	stimulus	n/a	630196.0000000000	med1
63.2636000000	0.0002000000	stimulus	n/a	632636.0000000000	med1
63.5467000000	0.0002000000	stimulus	n/a	635467.0000000000	med1
63.8057000000	0.0002000000	stimulus	n/a	638057.0000000000	med2
64.0441000000	0.0002000000	stimulus	n/a	640441.0000000000	med1
64.2992000000	0.0002000000	stimulus	n/a	642992.0000000000	med2
64.5814000000	0.0002000000	stimulus	n/a	645814.0000000000	med2
64.8385000000	0.0002000000	stimulus	n/a	648385.0000000000	med12
65.0996000000	0.0002000000	stimulus	n/a	650996.0000000000	med12
65.3816000000	0.0002000000	stimulus	n/a	653816.0000000000	med2
65.6676000000	0.0002000000	stimulus	n/a	656676.0000000000	med2
65.9496000000	0.0002000000	stimulus	n/a	659496.0000000000	med2
66.2347000000	0.0002000000	stimulus	n/a	662347.0000000000	med1
66.5138000000	0.0002000000	stimulus	n/a	665138.0000000000	med12
66.7698000000	0.0002000000	stimulus	n/a	667698.0000000000	med1
67.0369000000	0.0002000000	stimulus	n/a	670369.0000000000	med12
67.3042000000	0.0002000000	stimulus	n/a	673042.0000000000	med1
67.5713000000	0.0002000000	stimulus	n/a	675713.0000000000	med1
67.8113000000	0.0002000000	stimulus	n/a	678113.0000000000	med12
68.0554000000	0.0002000000	stimulus	n/a	680554.0000000000	med2
68.3190000000	0.0002000000	stimulus	n/a	683190.0000000000	med12
68.5600000000	0.0002000000	stimulus	n/a	685600.0000000000	med12
68.8283000000	0.0002000000	stimulus	n/a	688283.0000000000	med12
69.0756000000	0.0002000000	stimulus	n/a	690756.0000000000	med1
69.3217000000	0.0002000000	stimulus	n/a	693217.0000000000	med2
69.5908000000	0.0002000000	stimulus	n/a	695908.0000000000	med1
69.8368000000	0.0002000000	stimulus	n/a	698368.0000000000	med12
70.0818000000	0.0002000000	stimulus	n/a	700818.0000000000	med12
70.3319000000	0.0002000000	stimulus	n/a	703319.0000000000	med1
70.6080000000	0.0002000000	stimulus	n/a	706080.0000000000	med12
70.8689000000	0.0002000000	stimulus	n/a	708689.0000000000	med1
71.1160000000	0.0002000000	stimulus	n/a	711160.0000000000	med2
71.3789000000	0.0002000000	stimulus	n/a	713789.0000000000	med1
71.6430000000	0.0002000000	stimulus	n/a	716430.0000000000	med12
71.9063000000	0.0002000000	stimulus	n/a	719063.0000000000	med12
72.1443000000	0.0002000000	stimulus	n/a	721443.0000000000	med2
72.3924000000	0.0002000000	stimulus	n/a	723924.0000000000	med2
72.6265000000	0.0002000000	stimulus	n/a	726265.0000000000	med2
72.8694000000	0.0002000000	stimulus	n/a	728694.0000000000	med1
73.1058000000	0.0002000000	stimulus	n/a	731058.0000000000	med2
73.3878000000	0.0002000000	stimulus	n/a	733878.0000000000	med12
73.6339000000	0.0002000000	stimulus	n/a	736339.0000000000	med2
73.8770000000	0.0002000000	stimulus	n/a	738770.0000000000	med1
74.1339000000	0.0002000000	stimulus	n/a	741339.0000000000	med12
74.4002000000	0.0002000000	stimulus	n/a	744002.0000000000	med1
74.6743000000	0.0002000000	stimulus	n/a	746743.0000000000	med1
74.9203000000	0.0002000000	stimulus	n/a	749203.0000000000	med12
75.1834000000	0.0002000000	stimulus	n/a	751834.0000000000	med1
75.4614000000	0.0002000000	stimulus	n/a	754614.0000000000	med2
75.7325000000	0.0002000000	stimulus	n/a	757325.0000000000	med2
75.9949000000	0.0002000000	stimulus	n/a	759949.0000000000	med12
76.2489000000	0.0002000000	stimulus	n/a	762489.0000000000	med12
76.4889000000	0.0002000000	stimulus	n/a	764889.0000000000	med1
76.7239000000	0.0002000000	stimulus	n/a	767239.0000000000	med1
77.0000000000	0.0002000000	stimulus	n/a	770000.0000000000	med12
77.2841000000	0.0002000000	stimulus	n/a	772841.0000000000	med2
77.5302000000	0.0002000000	stimulus	n/a	775302.0000000000	med12
77.7751000000	0.0002000000	stimulus	n/a	777751.0000000000	med2
78.0395000000	0.0002000000	stimulus	n/a	780395.0000000000	med1
78.3144000000	0.0002000000	stimulus	n/a	783144.0000000000	med2
78.5604000000	0.0002000000	stimulus	n/a	785604.0000000000	med12
78.8134000000	0.0002000000	stimulus	n/a	788134.0000000000	med12
79.0945000000	0.0002000000	stimulus	n/a	790945.0000000000	med1
79.3345000000	0.0002000000	stimulus	n/a	793345.0000000000	med12
79.5786000000	0.0002000000	stimulus	n/a	795786.0000000000	med12
79.8171000000	0.0002000000	stimulus	n/a	798171.0000000000	med1
80.0711000000	0.0002000000	stimulus	n/a	800711.0000000000	med2
80.3121000000	0.0002000000	stimulus	n/a	803121.0000000000	med2
80.5832000000	0.0002000000	stimulus	n/a	805832.0000000000	med2
80.8262000000	0.0002000000	stimulus	n/a	808262.0000000000	med1
81.0866000000	0.0002000000	stimulus	n/a	810866.0000000000	med12
81.3666000000	0.0002000000	stimulus	n/a	813666.0000000000	med2
81.6136000000	0.0002000000	stimulus	n/a	816136.0000000000	med12
81.8957000000	0.0002000000	stimulus	n/a	818957.0000000000	med2
82.1787000000	0.0002000000	stimulus	n/a	821787.0000000000	med2
82.4478000000	0.0002000000	stimulus	n/a	824478.0000000000	med2
82.7348000000	0.0002000000	stimulus	n/a	827348.0000000000	med12
82.9692000000	0.0002000000	stimulus	n/a	829692.0000000000	med2
83.2092000000	0.0002000000	stimulus	n/a	832092.0000000000	med1
83.4634000000	0.0002000000	stimulus	n/a	834634.0000000000	med12
83.7227000000	0.0002000000	stimulus	n/a	837227.0000000000	med2
83.9888000000	0.0002000000	stimulus	n/a	839888.0000000000	med1
84.2348000000	0.0002000000	stimulus	n/a	842348.0000000000	med1
84.5029000000	0.0002000000	stimulus	n/a	845029.0000000000	med12
84.7450000000	0.0002000000	stimulus	n/a	847450.0000000000	med12
85.0051000000	0.0002000000	stimulus	n/a	850051.0000000000	med2
85.2561000000	0.0002000000	stimulus	n/a	852561.0000000000	med12
85.5391000000	0.0002000000	stimulus	n/a	855391.0000000000	med1
85.8011000000	0.0002000000	stimulus	n/a	858011.0000000000	med1
86.0792000000	0.0002000000	stimulus	n/a	860792.0000000000	med12
86.3642000000	0.0002000000	stimulus	n/a	863642.0000000000	med12
86.6396000000	0.0002000000	stimulus	n/a	866396.0000000000	med2
86.8807000000	0.0002000000	stimulus	n/a	868807.0000000000	med2
87.1397000000	0.0002000000	stimulus	n/a	871397.0000000000	med1
87.4182000000	0.0002000000	stimulus	n/a	874182.0000000000	med1
87.6844000000	0.0002000000	stimulus	n/a	876844.0000000000	med12
87.9315000000	0.0002000000	stimulus	n/a	879315.0000000000	med2
88.2018000000	0.0002000000	stimulus	n/a	882018.0000000000	med1
88.4449000000	0.0002000000	stimulus	n/a	884449.0000000000	med2
88.7270000000	0.0002000000	stimulus	n/a	887270.0000000000	med2
88.9920000000	0.0002000000	stimulus	n/a	889920.0000000000	med2
89.2291000000	0.0002000000	stimulus	n/a	892291.0000000000	med2
89.4711000000	0.0002000000	stimulus	n/a	894711.0000000000	med12
89.7201000000	0.0002000000	stimulus	n/a	897201.0000000000	med2
89.9951000000	0.0002000000	stimulus	n/a	899951.0000000000	med1
90.2811000000	0.0002000000	stimulus	n/a	902811.0000000000	med1
90.5211000000	0.0002000000	stimulus	n/a	905211.0000000000	med12
90.8012000000	0.0002000000	stimulus	n/a	908012.0000000000	med1
91.0526000000	0.0002000000	stimulus	n/a	910526.0000000000	med2
91.3076000000	0.0002000000	stimulus	n/a	913076.0000000000	med12
91.5656000000	0.0002000000	stimulus	n/a	915656.0000000000	med1
91.8416000000	0.0002000000	stimulus	n/a	918416.0000000000	med1
92.0957000000	0.0002000000	stimulus	n/a	920957.0000000000	med12
92.3347000000	0.0002000000	stimulus	n/a	923347.0000000000	med12
92.5918000000	0.0002000000	stimulus	n/a	925918.0000000000	med2
92.8359000000	0.0002000000	stimulus	n/a	928359.0000000000	med1
93.1010000000	0.0002000000	stimulus	n/a	931010.0000000000	med12
93.3843000000	0.0002000000	stimulus	n/a	933843.0000000000	med1
93.6533000000	0.0002000000	stimulus	n/a	936533.0000000000	med1
93.9403000000	0.0002000000	stimulus	n/a	939403.0000000000	med1
94.2225000000	0.0002000000	stimulus	n/a	942225.0000000000	med12
94.4648000000	0.0002000000	stimulus	n/a	944648.0000000000	med12
94.7469000000	0.0002000000	stimulus	n/a	947469.0000000000	med2
94.9959000000	0.0002000000	stimulus	n/a	949959.0000000000	med2
95.2669000000	0.0002000000	stimulus	n/a	952669.0000000000	med2
95.5309000000	0.0002000000	stimulus	n/a	955309.0000000000	med1
95.7920000000	0.0002000000	stimulus	n/a	957920.0000000000	med2
96.0490000000	0.0002000000	stimulus	n/a	960490.0000000000	med12
96.2953000000	0.0002000000	stimulus	n/a	962953.0000000000	med2
96.5294000000	0.0002000000	stimulus	n/a	965294.0000000000	med2
96.7974000000	0.0002000000	stimulus	n/a	967974.0000000000	med1
97.0366000000	0.0002000000	stimulus	n/a	970366.0000000000	med12
97.3076000000	0.0002000000	stimulus	n/a	973076.0000000000	med2
97.5826000000	0.0002000000	stimulus	n/a	975826.0000000000	med12
97.8557000000	0.0002000000	stimulus	n/a	978557.0000000000	med2
98.0996000000	0.0002000000	stimulus	n/a	980996.0000000000	med2
98.3637000000	0.0002000000	stimulus	n/a	983637.0000000000	med2
98.6337000000	0.0002000000	stimulus	n/a	986337.0000000000	med1
98.9207000000	0.0002000000	stimulus	n/a	989207.0000000000	med12
99.1748000000	0.0002000000	stimulus	n/a	991748.0000000000	med12
99.4518000000	0.0002000000	stimulus	n/a	994518.0000000000	med1
99.6929000000	0.0002000000	stimulus	n/a	996929.0000000000	med1
99.9502000000	0.0002000000	stimulus	n/a	999502.0000000000	med2
100.1973000000	0.0002000000	stimulus	n/a	1001973.0000000000	med1
100.4733000000	0.0002000000	stimulus	n/a	1004733.0000000000	med12
100.7234000000	0.0002000000	stimulus	n/a	1007234.0000000000	med1
100.9774000000	0.0002000000	stimulus	n/a	1009774.0000000000	med12
101.2454000000	0.0002000000	stimulus	n/a	1012454.0000000000	med2
101.5117000000	0.0002000000	stimulus	n/a	1015117.0000000000	med2
101.7596000000	0.0002000000	stimulus	n/a	1017596.0000000000	med1
102.0026000000	0.0002000000	stimulus	n/a	1020026.0000000000	med12
102.2747000000	0.0002000000	stimulus	n/a	1022747.0000000000	med2
102.5087000000	0.0002000000	stimulus	n/a	1025087.0000000000	med2
102.7498000000	0.0002000000	stimulus	n/a	1027498.0000000000	med1
103.0281000000	0.0002000000	stimulus	n/a	1030281.0000000000	med1
103.2933000000	0.0002000000	stimulus	n/a	1032933.0000000000	med1
103.5384000000	0.0002000000	stimulus	n/a	1035384.0000000000	med12
103.7937000000	0.0002000000	stimulus	n/a	1037937.0000000000	med12
104.0737000000	0.0002000000	stimulus	n/a	1040737.0000000000	med1
104.3548000000	0.0002000000	stimulus	n/a	1043548.0000000000	med2
104.5998000000	0.0002000000	stimulus	n/a	1045998.0000000000	med12
104.8378000000	0.0002000000	stimulus	n/a	1048378.0000000000	med12
105.1148000000	0.0002000000	stimulus	n/a	1051148.0000000000	med1
105.3779000000	0.0002000000	stimulus	n/a	1053779.0000000000	med12
105.6598000000	0.0002000000	stimulus	n/a	1056598.0000000000	med12
105.9269000000	0.0002000000	stimulus	n/a	1059269.0000000000	med1
106.1899000000	0.0002000000	stimulus	n/a	1061899.0000000000	med2
106.4499000000	0.0002000000	stimulus	n/a	1064499.0000000000	med1
106.7220000000	0.0002000000	stimulus	n/a	1067220.0000000000	med2
106.9601000000	0.0002000000	stimulus	n/a	1069601.0000000000	med2
107.2473000000	0.0002000000	stimulus	n/a	1072473.0000000000	med12
107.4873000000	0.0002000000	stimulus	n/a	1074873.0000000000	med12
107.7313000000	0.0002000000	stimulus	n/a	1077313.0000000000	med12
108.0074000000	0.0002000000	stimulus	n/a	1080074.0000000000	med2
108.2894000000	0.0002000000	stimulus	n/a	1082894.0000000000	med2
108.5717000000	0.0002000000	stimulus	n/a	1085717.0000000000	med1
108.8090000000	0.0002000000	stimulus	n/a	1088090.0000000000	med2
109.0891000000	0.0002000000	stimulus	n/a	1090891.0000000000	med12
109.3271000000	0.0002000000	stimulus	n/a	1093271.0000000000	med2
109.5752000000	0.0002000000	stimulus	n/a	1095752.0000000000	med12
109.8302000000	0.0002000000	stimulus	n/a	1098302.0000000000	med12
110.1054000000	0.0002000000	stimulus	n/a	1101054.0000000000	med2
110.3647000000	0.0002000000	stimulus	n/a	1103647.0000000000	med12
110.6197000000	0.0002000000	stimulus	n/a	1106197.0000000000	med12
110.8628000000	0.0002000000	stimulus	n/a	1108628.0000000000	med12
111.1191000000	0.0002000000	stimulus	n/a	1111191.0000000000	med1
111.3613000000	0.0002000000	stimulus	n/a	1113613.0000000000	med12
111.6214000000	0.0002000000	stimulus	n/a	1116214.0000000000	med2
111.8624000000	0.0002000000	stimulus	n/a	1118624.0000000000	med1
112.1285000000	0.0002000000	stimulus	n/a	1121285.0000000000	med12
112.3898000000	0.0002000000	stimulus	n/a	1123898.0000000000	med2
112.6660000000	0.0002000000	stimulus	n/a	1126660.0000000000	med2
112.9209000000	0.0002000000	stimulus	n/a	1129209.0000000000	med12
113.1880000000	0.0002000000	stimulus	n/a	1131880.0000000000	med1
113.4601000000	0.0002000000	stimulus	n/a	1134601.0000000000	med2
113.7373000000	0.0002000000	stimulus	n/a	1137373.0000000000	med12
113.9763000000	0.0002000000	stimulus	n/a	1139763.0000000000	med1
114.2563000000	0.0002000000	stimulus	n/a	1142563.0000000000	med12
114.5103000000	0.0002000000	stimulus	n/a	1145103.0000000000	med12
114.7706000000	0.0002000000	stimulus	n/a	1147706.0000000000	med2
115.0437000000	0.0002000000	stimulus	n/a	1150437.0000000000	med1
115.2928000000	0.0002000000	stimulus	n/a	1152928.0000000000	med2
115.5768000000	0.0002000000	stimulus	n/a	1155768.0000000000	med2
115.8208000000	0.0002000000	stimulus	n/a	1158208.0000000000	med1
116.1019000000	0.0002000000	stimulus	n/a	1161019.0000000000	med12
116.3700000000	0.0002000000	stimulus	n/a	1163700.0000000000	med2
116.6120000000	0.0002000000	stimulus	n/a	1166120.0000000000	med2
116.8621000000	0.0002000000	stimulus	n/a	1168621.0000000000	med12
117.1014000000	0.0002000000	stimulus	n/a	1171014.0000000000	med12
117.3774000000	0.0002000000	stimulus	n/a	1173774.0000000000	med2
117.6474000000	0.0002000000	stimulus	n/a	1176474.0000000000	med2
117.9065000000	0.0002000000	stimulus	n/a	1179065.0000000000	med12
118.1465000000	0.0002000000	stimulus	n/a	1181465.0000000000	med12
118.3966000000	0.0002000000	stimulus	n/a	1183966.0000000000	med1
118.6496000000	0.0002000000	stimulus	n/a	1186496.0000000000	med1
118.9177000000	0.0002000000	stimulus	n/a	1189177.0000000000	med1
119.1963000000	0.0002000000	stimulus	n/a	1191963.0000000000	med2
119.4823000000	0.0002000000	stimulus	n/a	1194823.0000000000	med1
119.7587000000	0.0002000000	stimulus	n/a	1197587.0000000000	med1
120.0217000000	0.0002000000	stimulus	n/a	1200217.0000000000	med2
120.2959000000	0.0002000000	stimulus	n/a	1202959.0000000000	med1
120.5359000000	0.0002000000	stimulus	n/a	1205359.0000000000	med1
120.8019000000	0.0002000000	stimulus	n/a	1208019.0000000000	med1
121.0450000000	0.0002000000	stimulus	n/a	1210450.0000000000	med2
121.3039000000	0.0002000000	stimulus	n/a	1213039.0000000000	med12
121.5509000000	0.0002000000	stimulus	n/a	1215509.0000000000	med2
121.8070000000	0.0002000000	stimulus	n/a	1218070.0000000000	med2
122.0713000000	0.0002000000	stimulus	n/a	1220713.0000000000	med12
122.3504000000	0.0002000000	stimulus	n/a	1223504.0000000000	med12
122.6134000000	0.0002000000	stimulus	n/a	1226134.0000000000	med1
122.8985000000	0.0002000000	stimulus	n/a	1228985.0000000000	med1
123.1488000000	0.0002000000	stimulus	n/a	1231488.0000000000	med1
123.4078000000	0.0002000000	stimulus	n/a	1234078.0000000000	med12
123.6569000000	0.0002000000	stimulus	n/a	1236569.0000000000	med1
123.9239000000	0.0002000000	stimulus	n/a	1239239.0000000000	med12
124.1991000000	0.0002000000	stimulus	n/a	1241991.0000000000	med1
124.4682000000	0.0002000000	stimulus	n/a	1244682.0000000000	med1
124.7363000000	0.0002000000	stimulus	n/a	1247363.0000000000	med12
125.0117000000	0.0002000000	stimulus	n/a	1250117.0000000000	med12
125.2487000000	0.0002000000	stimulus	n/a	1252487.0000000000	med2
125.4899000000	0.0002000000	stimulus	n/a	1254899.0000000000	med2
125.7683000000	0.0002000000	stimulus	n/a	1257683.0000000000	med2
126.0164000000	0.0002000000	stimulus	n/a	1260164.0000000000	med1
126.2784000000	0.0002000000	stimulus	n/a	1262784.0000000000	med1
126.5235000000	0.0002000000	stimulus	n/a	1265235.0000000000	med1
126.7855000000	0.0002000000	stimulus	n/a	1267855.0000000000	med1
127.0425000000	0.0002000000	stimulus	n/a	1270425.0000000000	med1
127.3086000000	0.0002000000	stimulus	n/a	1273086.0000000000	med1
127.5649000000	0.0002000000	stimulus	n/a	1275649.0000000000	med1
127.8319000000	0.0002000000	stimulus	n/a	1278319.0000000000	med12
128.0910000000	0.0002000000	stimulus	n/a	1280910.0000000000	med12
128.3741000000	0.0002000000	stimulus	n/a	1283741.0000000000	med12
128.6401000000	0.0002000000	stimulus	n/a	1286401.0000000000	med1
128.8822000000	0.0002000000	stimulus	n/a	1288822.0000000000	med2
129.1462000000	0.0002000000	stimulus	n/a	1291462.0000000000	med12
129.4052000000	0.0002000000	stimulus	n/a	1294052.0000000000	med12
129.6843000000	0.0002000000	stimulus	n/a	1296843.0000000000	med1
129.9714000000	0.0002000000	stimulus	n/a	1299714.0000000000	med12
130.2524000000	0.0002000000	stimulus	n/a	1302524.0000000000	med1
130.5328000000	0.0002000000	stimulus	n/a	1305328.0000000000	med12
130.7948000000	0.0002000000	stimulus	n/a	1307948.0000000000	med12
131.0328000000	0.0002000000	stimulus	n/a	1310328.0000000000	med12
131.2718000000	0.0002000000	stimulus	n/a	1312718.0000000000	med1
131.5408000000	0.0002000000	stimulus	n/a	1315408.0000000000	med1
131.8079000000	0.0002000000	stimulus	n/a	1318079.0000000000	med12
132.0549000000	0.0002000000	stimulus	n/a	1320549.0000000000	med1
132.3170000000	0.0002000000	stimulus	n/a	1323170.0000000000	med12
132.6010000000	0.0002000000	stimulus	n/a	1326010.0000000000	med1
132.8470000000	0.0002000000	stimulus	n/a	1328470.0000000000	med2
133.1004000000	0.0002000000	stimulus	n/a	1331004.0000000000	med2
133.3705000000	0.0002000000	stimulus	n/a	1333705.0000000000	med1
133.6365000000	0.0002000000	stimulus	n/a	1336365.0000000000	med12
133.8775000000	0.0002000000	stimulus	n/a	1338775.0000000000	med2
134.1576000000	0.0002000000	stimulus	n/a	1341576.0000000000	med12
134.4377000000	0.0002000000	stimulus	n/a	1344377.0000000000	med1
134.6967000000	0.0002000000	stimulus	n/a	1346967.0000000000	med2
134.9370000000	0.0002000000	stimulus	n/a	1349370.0000000000	med2
135.1881000000	0.0002000000	stimulus	n/a	1351881.0000000000	med2
135.4511000000	0.0002000000	stimulus	n/a	1354511.0000000000	med12
135.7012000000	0.0002000000	stimulus	n/a	1357012.0000000000	med1
135.9792000000	0.0002000000	stimulus	n/a	1359792.0000000000	med2
136.2593000000	0.0002000000	stimulus	n/a	1362593.0000000000	med2
136.5144000000	0.0002000000	stimulus	n/a	1365144.0000000000	med2
136.7868000000	0.0002000000	stimulus	n/a	1367868.0000000000	med2
137.0238000000	0.0002000000	stimulus	n/a	1370238.0000000000	med2
137.2827000000	0.0002000000	stimulus	n/a	1372827.0000000000	med1
137.5530000000	0.0002000000	stimulus	n/a	1375530.0000000000	med1
137.7892000000	0.0002000000	stimulus	n/a	1377892.0000000000	med2
138.0733000000	0.0002000000	stimulus	n/a	1380733.0000000000	med12
138.3082000000	0.0002000000	stimulus	n/a	1383082.0000000000	med12
138.5475000000	0.0002000000	stimulus	n/a	1385475.0000000000	med2
138.7866000000	0.0002000000	stimulus	n/a	1387866.0000000000	med1
139.0247000000	0.0002000000	stimulus	n/a	1390247.0000000000	med1
139.2967000000	0.0002000000	stimulus	n/a	1392967.0000000000	med12
139.5657000000	0.0002000000	stimulus	n/a	1395657.0000000000	med12
139.7991000000	0.0002000000	stimulus	n/a	1397991.0000000000	med1
140.0601000000	0.0002000000	stimulus	n/a	1400601.0000000000	med1
140.3313000000	0.0002000000	stimulus	n/a	1403313.0000000000	med12
140.6092000000	0.0002000000	stimulus	n/a	1406092.0000000000	med12
140.8699000000	0.0002000000	stimulus	n/a	1408699.0000000000	med2
141.1431000000	0.0002000000	stimulus	n/a	1411431.0000000000	med1
141.3921000000	0.0002000000	stimulus	n/a	1413921.0000000000	med2
141.6701000000	0.0002000000	stimulus	n/a	1416701.0000000000	med2
141.9522000000	0.0002000000	stimulus	n/a	1419522.0000000000	med1
142.2102000000	0.0002000000	stimulus	n/a	1422102.0000000000	med2
142.4936000000	0.0002000000	stimulus	n/a	1424936.0000000000	med12
142.7587000000	0.0002000000	stimulus	n/a	1427587.0000000000	med2
143.0098000000	0.0002000000	stimulus	n/a	1430098.0000000000	med1
143.2788000000	0.0002000000	stimulus	n/a	1432788.0000000000	med2
143.5629000000	0.0002000000	stimulus	n/a	1435629.0000000000	med2
143.8230000000	0.0002000000	stimulus	n/a	1438230.0000000000	med1
144.0690000000	0.0002000000	stimulus	n/a	1440690.0000000000	med2
144.3192000000	0.0002000000	stimulus	n/a	1443192.0000000000	med12
144.5858000000	0.0002000000	stimulus	n/a	1445858.0000000000	med12
144.8487000000	0.0002000000	stimulus	n/a	1448487.0000000000	med12
145.1111000000	0.0002000000	stimulus	n/a	1451111.0000000000	med12
145.3841000000	0.0002000000	stimulus	n/a	1453841.0000000000	med1
145.6492000000	0.0002000000	stimulus	n/a	1456492.0000000000	med2
145.9012000000	0.0002000000	stimulus	n/a	1459012.0000000000	med1
146.1373000000	0.0002000000	stimulus	n/a	1461373.0000000000	med2
146.4153000000	0.0002000000	stimulus	n/a	1464153.0000000000	med2
146.6603000000	0.0002000000	stimulus	n/a	1466603.0000000000	med2
146.9307000000	0.0002000000	stimulus	n/a	1469307.0000000000	med12
147.1878000000	0.0002000000	stimulus	n/a	1471878.0000000000	med12
147.4508000000	0.0002000000	stimulus	n/a	1474508.0000000000	med1
147.7269000000	0.0002000000	stimulus	n/a	1477269.0000000000	med2
147.9639000000	0.0002000000	stimulus	n/a	1479639.0000000000	med1
148.2479000000	0.0002000000	stimulus	n/a	1482479.0000000000	med1
148.4909000000	0.0002000000	stimulus	n/a	1484909.0000000000	med2
148.7612000000	0.0002000000	stimulus	n/a	1487612.0000000000	med2
149.0443000000	0.0002000000	stimulus	n/a	1490443.0000000000	med1
149.3163000000	0.0002000000	stimulus	n/a	1493163.0000000000	med12
149.5773000000	0.0002000000	stimulus	n/a	1495773.0000000000	med2
149.8534000000	0.0002000000	stimulus	n/a	1498534.0000000000	med12
150.1295000000	0.0002000000	stimulus	n/a	1501295.0000000000	med2
150.4115000000	0.0002000000	stimulus	n/a	1504115.0000000000	med12
150.6975000000	0.0002000000	stimulus	n/a	1506975.0000000000	med12
150.9407000000	0.0002000000	stimulus	n/a	1509407.0000000000	med2
151.1930000000	0.0002000000	stimulus	n/a	1511930.0000000000	med1
151.4751000000	0.0002000000	stimulus	n/a	1514751.0000000000	med12
151.7291000000	0.0002000000	stimulus	n/a	1517291.0000000000	med12
151.9692000000	0.0002000000	stimulus	n/a	1519692.0000000000	med12
152.2073000000	0.0002000000	stimulus	n/a	1522073.0000000000	med12
152.4734000000	0.0002000000	stimulus	n/a	1524734.0000000000	med2
152.7454000000	0.0002000000	stimulus	n/a	1527454.0000000000	med12
153.0138000000	0.0002000000	stimulus	n/a	1530138.0000000000	med12
153.2929000000	0.0002000000	stimulus	n/a	1532929.0000000000	med2
153.5568000000	0.0002000000	stimulus	n/a	1535568.0000000000	med2
153.8402000000	0.0002000000	stimulus	n/a	1538402.0000000000	med12
154.1152000000	0.0002000000	stimulus	n/a	1541152.0000000000	med1
154.3879000000	0.0002000000	stimulus	n/a	1543879.0000000000	med2
154.6510000000	0.0002000000	stimulus	n/a	1546510.0000000000	med1
154.9050000000	0.0002000000	stimulus	n/a	1549050.0000000000	med2
155.1870000000	0.0002000000	stimulus	n/a	1551870.0000000000	med12
155.4271000000	0.0002000000	stimulus	n/a	1554271.0000000000	med1
155.6681000000	0.0002000000	stimulus	n/a	1556681.0000000000	med2
155.9082000000	0.0002000000	stimulus	n/a	1559082.0000000000	med2
156.1563000000	0.0002000000	stimulus	n/a	1561563.0000000000	med1
156.3946000000	0.0002000000	stimulus	n/a	1563946.0000000000	med12
156.6327000000	0.0002000000	stimulus	n/a	1566327.0000000000	med1
156.9048000000	0.0002000000	stimulus	n/a	1569048.0000000000	med2
157.1679000000	0.0002000000	stimulus	n/a	1571679.0000000000	med12
157.4139000000	0.0002000000	stimulus	n/a	1574139.0000000000	med1
157.6513000000	0.0002000000	stimulus	n/a	1576513.0000000000	med12
157.9204000000	0.0002000000	stimulus	n/a	1579204.0000000000	med12
158.1564000000	0.0002000000	stimulus	n/a	1581564.0000000000	med1
158.3945000000	0.0002000000	stimulus	n/a	1583945.0000000000	med2
158.6815000000	0.0002000000	stimulus	n/a	1586815.0000000000	med2
158.9206000000	0.0002000000	stimulus	n/a	1589206.0000000000	med1
159.1686000000	0.0002000000	stimulus	n/a	1591686.0000000000	med12
159.4476000000	0.0002000000	stimulus	n/a	1594476.0000000000	med12
159.6957000000	0.0002000000	stimulus	n/a	1596957.0000000000	med1
159.9428000000	0.0002000000	stimulus	n/a	1599428.0000000000	med2
160.1928000000	0.0002000000	stimulus	n/a	1601928.0000000000	med2
160.4281000000	0.0002000000	stimulus	n/a	1604281.0000000000	med2
160.6991000000	0.0002000000	stimulus	n/a	1606991.0000000000	med2
160.9523000000	0.0002000000	stimulus	n/a	1609523.0000000000	med1
161.2144000000	0.0002000000	stimulus	n/a	1612144.0000000000	med2
161.4893000000	0.0002000000	stimulus	n/a	1614893.0000000000	med1
161.7527000000	0.0002000000	stimulus	n/a	1617527.0000000000	med2
161.9927000000	0.0002000000	stimulus	n/a	1619927.0000000000	med1
162.2598000000	0.0002000000	stimulus	n/a	1622598.0000000000	med12
162.5409000000	0.0002000000	stimulus	n/a	1625409.0000000000	med1
162.8150000000	0.0002000000	stimulus	n/a	1628150.0000000000	med12
163.0570000000	0.0002000000	stimulus	n/a	1630570.0000000000	med1
163.3250000000	0.0002000000	stimulus	n/a	1633250.0000000000	med12
163.5790000000	0.0002000000	stimulus	n/a	1635790.0000000000	med2
163.8553000000	0.0002000000	stimulus	n/a	1638553.0000000000	med2
164.1016000000	0.0002000000	stimulus	n/a	1641016.0000000000	med2
164.3789000000	0.0002000000	stimulus	n/a	1643789.0000000000	med12
164.6320000000	0.0002000000	stimulus	n/a	1646320.0000000000	med1
164.8771000000	0.0002000000	stimulus	n/a	1648771.0000000000	med12
165.1271000000	0.0002000000	stimulus	n/a	1651271.0000000000	med1
165.3865000000	0.0002000000	stimulus	n/a	1653865.0000000000	med12
165.6635000000	0.0002000000	stimulus	n/a	1656635.0000000000	med1
165.9455000000	0.0002000000	stimulus	n/a	1659455.0000000000	med2
166.2215000000	0.0002000000	stimulus	n/a	1662215.0000000000	med12
166.4937000000	0.0002000000	stimulus	n/a	1664937.0000000000	med2
166.7387000000	0.0002000000	stimulus	n/a	1667387.0000000000	med12
166.9847000000	0.0002000000	stimulus	n/a	1669847.0000000000	med12
167.2517000000	0.0002000000	stimulus	n/a	1672517.0000000000	med1
167.5068000000	0.0002000000	stimulus	n/a	1675068.0000000000	med2
167.7832000000	0.0002000000	stimulus	n/a	1677832.0000000000	med12
168.0262000000	0.0002000000	stimulus	n/a	1680262.0000000000	med2
168.3053000000	0.0002000000	stimulus	n/a	1683053.0000000000	med1
168.5483000000	0.0002000000	stimulus	n/a	1685483.0000000000	med12
168.8077000000	0.0002000000	stimulus	n/a	1688077.0000000000	med1
169.0648000000	0.0002000000	stimulus	n/a	1690648.0000000000	med2
169.3238000000	0.0002000000	stimulus	n/a	1693238.0000000000	med12
169.5988000000	0.0002000000	stimulus	n/a	1695988.0000000000	med12
169.8728000000	0.0002000000	stimulus	n/a	1698728.0000000000	med1
170.1568000000	0.0002000000	stimulus	n/a	1701568.0000000000	med2
170.4269000000	0.0002000000	stimulus	n/a	1704269.0000000000	med2
170.6773000000	0.0002000000	stimulus	n/a	1706773.0000000000	med1
170.9514000000	0.0002000000	stimulus	n/a	1709514.0000000000	med12
171.2184000000	0.0002000000	stimulus	n/a	1712184.0000000000	med2
171.4705000000	0.0002000000	stimulus	n/a	1714705.0000000000	med2
171.7375000000	0.0002000000	stimulus	n/a	1717375.0000000000	med2
171.9766000000	0.0002000000	stimulus	n/a	1719766.0000000000	med2
172.2197000000	0.0002000000	stimulus	n/a	1722197.0000000000	med1
172.4551000000	0.0002000000	stimulus	n/a	1724551.0000000000	med1
172.6982000000	0.0002000000	stimulus	n/a	1726982.0000000000	med2
172.9693000000	0.0002000000	stimulus	n/a	1729693.0000000000	med1
173.2454000000	0.0002000000	stimulus	n/a	1732454.0000000000	med2
173.4984000000	0.0002000000	stimulus	n/a	1734984.0000000000	med2
173.7706000000	0.0002000000	stimulus	n/a	1737706.0000000000	med12
174.0186000000	0.0002000000	stimulus	n/a	1740186.0000000000	med1
174.2536000000	0.0002000000	stimulus	n/a	1742536.0000000000	med1
174.5186000000	0.0002000000	stimulus	n/a	1745186.0000000000	med2
174.7716000000	0.0002000000	stimulus	n/a	1747716.0000000000	med2
175.0356000000	0.0002000000	stimulus	n/a	1750356.0000000000	med12
175.2899000000	0.0002000000	stimulus	n/a	1752899.0000000000	med2
175.5540000000	0.0002000000	stimulus	n/a	1755540.0000000000	med12
175.8030000000	0.0002000000	stimulus	n/a	1758030.0000000000	med1
176.0611000000	0.0002000000	stimulus	n/a	1760611.0000000000	med2
176.3422000000	0.0002000000	stimulus	n/a	1763422.0000000000	med2
176.6005000000	0.0002000000	stimulus	n/a	1766005.0000000000	med2
176.8376000000	0.0002000000	stimulus	n/a	1768376.0000000000	med12
177.1006000000	0.0002000000	stimulus	n/a	1771006.0000000000	med2
177.3696000000	0.0002000000	stimulus	n/a	1773696.0000000000	med1
177.6427000000	0.0002000000	stimulus	n/a	1776427.0000000000	med12
177.9167000000	0.0002000000	stimulus	n/a	1779167.0000000000	med12
178.1757000000	0.0002000000	stimulus	n/a	1781757.0000000000	med2
178.4320000000	0.0002000000	stimulus	n/a	1784320.0000000000	med1
178.6951000000	0.0002000000	stimulus	n/a	1786951.0000000000	med2
178.9763000000	0.0002000000	stimulus	n/a	1789763.0000000000	med2
179.2474000000	0.0002000000	stimulus	n/a	1792474.0000000000	med1
179.4949000000	0.0002000000	stimulus	n/a	1794949.0000000000	med12
179.7590000000	0.0002000000	stimulus	n/a	1797590.0000000000	med1
180.0281000000	0.0002000000	stimulus	n/a	1800281.0000000000	med12
180.3102000000	0.0002000000	stimulus	n/a	1803102.0000000000	med1
180.5803000000	0.0002000000	stimulus	n/a	1805803.0000000000	med1
180.8396000000	0.0002000000	stimulus	n/a	1808396.0000000000	med12
181.0887000000	0.0002000000	stimulus	n/a	1810887.0000000000	med12
181.3667000000	0.0002000000	stimulus	n/a	1813667.0000000000	med2
181.6088000000	0.0002000000	stimulus	n/a	1816088.0000000000	med2
181.8479000000	0.0002000000	stimulus	n/a	1818479.0000000000	med2
182.1290000000	0.0002000000	stimulus	n/a	1821290.0000000000	med12
182.4031000000	0.0002000000	stimulus	n/a	1824031.0000000000	med2
182.6734000000	0.0002000000	stimulus	n/a	1826734.0000000000	med2
182.9115000000	0.0002000000	stimulus	n/a	1829115.0000000000	med2
183.1685000000	0.0002000000	stimulus	n/a	1831685.0000000000	med2
183.4245000000	0.0002000000	stimulus	n/a	1834245.0000000000	med1
183.6615000000	0.0002000000	stimulus	n/a	1836615.0000000000	med1
183.9305000000	0.0002000000	stimulus	n/a	1839305.0000000000	med12
184.1737000000	0.0002000000	stimulus	n/a	1841737.0000000000	med2
184.4227000000	0.0002000000	stimulus	n/a	1844227.0000000000	med12
184.6757000000	0.0002000000	stimulus	n/a	1846757.0000000000	med2
184.9507000000	0.0002000000	stimulus	n/a	1849507.0000000000	med12
185.2239000000	0.0002000000	stimulus	n/a	1852239.0000000000	med2
185.4692000000	0.0002000000	stimulus	n/a	1854692.0000000000	med12
185.7493000000	0.0002000000	stimulus	n/a	1857493.0000000000	med2
185.9904000000	0.0002000000	stimulus	n/a	1859904.0000000000	med2
186.2614000000	0.0002000000	stimulus	n/a	1862614.0000000000	med12
186.5485000000	0.0002000000	stimulus	n/a	1865485.0000000000	med12
186.8285000000	0.0002000000	stimulus	n/a	1868285.0000000000	med1
187.0766000000	0.0002000000	stimulus	n/a	1870766.0000000000	med1
187.3469000000	0.0002000000	stimulus	n/a	1873469.0000000000	med2
187.5910000000	0.0002000000	stimulus	n/a	1875910.0000000000	med1
187.8311000000	0.0002000000	stimulus	n/a	1878311.0000000000	med2
188.1115000000	0.0002000000	stimulus	n/a	1881115.0000000000	med2
188.3956000000	0.0002000000	stimulus	n/a	1883956.0000000000	med12
188.6336000000	0.0002000000	stimulus	n/a	1886336.0000000000	med2
188.8685000000	0.0002000000	stimulus	n/a	1888685.0000000000	med1
189.1436000000	0.0002000000	stimulus	n/a	1891436.0000000000	med1
189.3967000000	0.0002000000	stimulus	n/a	1893967.0000000000	med2
189.6558000000	0.0002000000	stimulus	n/a	1896558.0000000000	med2
189.8928000000	0.0002000000	stimulus	n/a	1898928.0000000000	med2
190.1301000000	0.0002000000	stimulus	n/a	1901301.0000000000	med2
190.3903000000	0.0002000000	stimulus	n/a	1903903.0000000000	med12
190.6613000000	0.0002000000	stimulus	n/a	1906613.0000000000	med2
190.9023000000	0.0002000000	stimulus	n/a	1909023.0000000000	med12
191.1434000000	0.0002000000	stimulus	n/a	1911434.0000000000	med1
191.3924000000	0.0002000000	stimulus	n/a	1913924.0000000000	med1
191.6714000000	0.0002000000	stimulus	n/a	1916714.0000000000	med2
191.9417000000	0.0002000000	stimulus	n/a	1919417.0000000000	med1
192.1798000000	0.0002000000	stimulus	n/a	1921798.0000000000	med12
192.4528000000	0.0002000000	stimulus	n/a	1924528.0000000000	med2
192.7183000000	0.0002000000	stimulus	n/a	1927183.0000000000	med12
192.9883000000	0.0002000000	stimulus	n/a	1929883.0000000000	med12
193.2247000000	0.0002000000	stimulus	n/a	1932247.0000000000	med12
193.4697000000	0.0002000000	stimulus	n/a	1934697.0000000000	med1
193.7548000000	0.0002000000	stimulus	n/a	1937548.0000000000	med2
193.9939000000	0.0002000000	stimulus	n/a	1939939.0000000000	med1
194.2369000000	0.0002000000	stimulus	n/a	1942369.0000000000	med1
194.4829000000	0.0002000000	stimulus	n/a	1944829.0000000000	med12
194.7519000000	0.0002000000	stimulus	n/a	1947519.0000000000	med2
195.0329000000	0.0002000000	stimulus	n/a	1950329.0000000000	med12
195.2890000000	0.0002000000	stimulus	n/a	1952890.0000000000	med12
195.5741000000	0.0002000000	stimulus	n/a	1955741.0000000000	med1
195.8511000000	0.0002000000	stimulus	n/a	1958511.0000000000	med1
196.1004000000	0.0002000000	stimulus	n/a	1961004.0000000000	med2
196.3456000000	0.0002000000	stimulus	n/a	1963456.0000000000	med12
196.6166000000	0.0002000000	stimulus	n/a	1966166.0000000000	med12
196.9026000000	0.0002000000	stimulus	n/a	1969026.0000000000	med1
197.1876000000	0.0002000000	stimulus	n/a	1971876.0000000000	med2
197.4397000000	0.0002000000	stimulus	n/a	1974397.0000000000	med1
197.7048000000	0.0002000000	stimulus	n/a	1977048.0000000000	med1
197.9438000000	0.0002000000	stimulus	n/a	1979438.0000000000	med12
198.1988000000	0.0002000000	stimulus	n/a	1981988.0000000000	med2
198.4628000000	0.0002000000	stimulus	n/a	1984628.0000000000	med2
198.7388000000	0.0002000000	stimulus	n/a	1987388.0000000000	med2
199.0038000000	0.0002000000	stimulus	n/a	1990038.0000000000	med1
199.2548000000	0.0002000000	stimulus	n/a	1992548.0000000000	med12
199.5112000000	0.0002000000	stimulus	n/a	1995112.0000000000	med1
199.7772000000	0.0002000000	stimulus	n/a	1997772.0000000000	med1
200.0163000000	0.0002000000	stimulus	n/a	2000163.0000000000	med2
200.2834000000	0.0002000000	stimulus	n/a	2002834.0000000000	med1
200.5444000000	0.0002000000	stimulus	n/a	2005444.0000000000	med2
200.8224000000	0.0002000000	stimulus	n/a	2008224.0000000000	med1
201.0664000000	0.0002000000	stimulus	n/a	2010664.0000000000	med12
201.3278000000	0.0002000000	stimulus	n/a	2013278.0000000000	med12
201.6108000000	0.0002000000	stimulus	n/a	2016108.0000000000	med12
201.8569000000	0.0002000000	stimulus	n/a	2018569.0000000000	med1
202.0999000000	0.0002000000	stimulus	n/a	2020999.0000000000	med1
202.3409000000	0.0002000000	stimulus	n/a	2023409.0000000000	med1
202.6249000000	0.0002000000	stimulus	n/a	2026249.0000000000	med2
202.9120000000	0.0002000000	stimulus	n/a	2029120.0000000000	med1
203.1721000000	0.0002000000	stimulus	n/a	2031721.0000000000	med12
203.4361000000	0.0002000000	stimulus	n/a	2034361.0000000000	med2
203.7092000000	0.0002000000	stimulus	n/a	2037092.0000000000	med12
203.9645000000	0.0002000000	stimulus	n/a	2039645.0000000000	med1
204.2166000000	0.0002000000	stimulus	n/a	2042166.0000000000	med12
204.4657000000	0.0002000000	stimulus	n/a	2044657.0000000000	med1
204.7307000000	0.0002000000	stimulus	n/a	2047307.0000000000	med1
205.0127000000	0.0002000000	stimulus	n/a	2050127.0000000000	med1
205.2998000000	0.0002000000	stimulus	n/a	2052998.0000000000	med12
205.5559000000	0.0002000000	stimulus	n/a	2055559.0000000000	med2
205.8322000000	0.0002000000	stimulus	n/a	2058322.0000000000	med2
206.1122000000	0.0002000000	stimulus	n/a	2061122.0000000000	med2
206.3652000000	0.0002000000	stimulus	n/a	2063652.0000000000	med1
206.6163000000	0.0002000000	stimulus	n/a	2066163.0000000000	med1
206.8704000000	0.0002000000	stimulus	n/a	2068704.0000000000	med12
207.1374000000	0.0002000000	stimulus	n/a	2071374.0000000000	med12
207.4177000000	0.0002000000	stimulus	n/a	2074177.0000000000	med12
207.6921000000	0.0002000000	stimulus	n/a	2076921.0000000000	med1
207.9432000000	0.0002000000	stimulus	n/a	2079432.0000000000	med12
208.1893000000	0.0002000000	stimulus	n/a	2081893.0000000000	med2
208.4694000000	0.0002000000	stimulus	n/a	2084694.0000000000	med1
208.7194000000	0.0002000000	stimulus	n/a	2087194.0000000000	med1
208.9997000000	0.0002000000	stimulus	n/a	2089997.0000000000	med1
209.2448000000	0.0002000000	stimulus	n/a	2092448.0000000000	med12
209.5305000000	0.0002000000	stimulus	n/a	2095305.0000000000	med1
209.8065000000	0.0002000000	stimulus	n/a	2098065.0000000000	med2
210.0706000000	0.0002000000	stimulus	n/a	2100706.0000000000	med2
210.3510000000	0.0002000000	stimulus	n/a	2103510.0000000000	med2
210.6331000000	0.0002000000	stimulus	n/a	2106331.0000000000	med12
210.8831000000	0.0002000000	stimulus	n/a	2108831.0000000000	med1
211.1632000000	0.0002000000	stimulus	n/a	2111632.0000000000	med12
211.4432000000	0.0002000000	stimulus	n/a	2114432.0000000000	med12
211.6855000000	0.0002000000	stimulus	n/a	2116855.0000000000	med12
211.9466000000	0.0002000000	stimulus	n/a	2119466.0000000000	med12
212.1825000000	0.0002000000	stimulus	n/a	2121825.0000000000	med2
212.4406000000	0.0002000000	stimulus	n/a	2124406.0000000000	med1
212.6866000000	0.0002000000	stimulus	n/a	2126866.0000000000	med1
212.9537000000	0.0002000000	stimulus	n/a	2129537.0000000000	med12
213.2008000000	0.0002000000	stimulus	n/a	2132008.0000000000	med1
213.4768000000	0.0002000000	stimulus	n/a	2134768.0000000000	med1
213.7238000000	0.0002000000	stimulus	n/a	2137238.0000000000	med12
213.9899000000	0.0002000000	stimulus	n/a	2139899.0000000000	med1
214.2370000000	0.0002000000	stimulus	n/a	2142370.0000000000	med1
214.5090000000	0.0002000000	stimulus	n/a	2145090.0000000000	med12
214.7430000000	0.0002000000	stimulus	n/a	2147430.0000000000	med2
215.0230000000	0.0002000000	stimulus	n/a	2150230.0000000000	med2
215.2771000000	0.0002000000	stimulus	n/a	2152771.0000000000	med2
215.5224000000	0.0002000000	stimulus	n/a	2155224.0000000000	med1
215.8045000000	0.0002000000	stimulus	n/a	2158045.0000000000	med12
216.0754000000	0.0002000000	stimulus	n/a	2160754.0000000000	med2
216.3626000000	0.0002000000	stimulus	n/a	2163626.0000000000	med12
216.6277000000	0.0002000000	stimulus	n/a	2166277.0000000000	med2
216.8889000000	0.0002000000	stimulus	n/a	2168889.0000000000	med1
217.1679000000	0.0002000000	stimulus	n/a	2171679.0000000000	med1
217.4399000000	0.0002000000	stimulus	n/a	2174399.0000000000	med12
217.6880000000	0.0002000000	stimulus	n/a	2176880.0000000000	med1
217.9601000000	0.0002000000	stimulus	n/a	2179601.0000000000	med12
218.2195000000	0.0002000000	stimulus	n/a	2182195.0000000000	med1
218.4885000000	0.0002000000	stimulus	n/a	2184885.0000000000	med1
218.7646000000	0.0002000000	stimulus	n/a	2187646.0000000000	med1
219.0126000000	0.0002000000	stimulus	n/a	2190126.0000000000	med12
219.2576000000	0.0002000000	stimulus	n/a	2192576.0000000000	med1
219.5207000000	0.0002000000	stimulus	n/a	2195207.0000000000	med1
219.8036000000	0.0002000000	stimulus	n/a	2198036.0000000000	med1
220.0709000000	0.0002000000	stimulus	n/a	2200709.0000000000	med2
220.3240000000	0.0002000000	stimulus	n/a	2203240.0000000000	med1
220.5620000000	0.0002000000	stimulus	n/a	2205620.0000000000	med2
220.8344000000	0.0002000000	stimulus	n/a	2208344.0000000000	med2
221.0725000000	0.0002000000	stimulus	n/a	2210725.0000000000	med2
221.3145000000	0.0002000000	stimulus	n/a	2213145.0000000000	med2
221.5864000000	0.0002000000	stimulus	n/a	2215864.0000000000	med1
221.8265000000	0.0002000000	stimulus	n/a	2218265.0000000000	med1
222.0946000000	0.0002000000	stimulus	n/a	2220946.0000000000	med12
222.3357000000	0.0002000000	stimulus	n/a	2223357.0000000000	med12
222.5867000000	0.0002000000	stimulus	n/a	2225867.0000000000	med1
222.8567000000	0.0002000000	stimulus	n/a	2228567.0000000000	med12
223.1068000000	0.0002000000	stimulus	n/a	2231068.0000000000	med1
223.3630000000	0.0002000000	stimulus	n/a	2233630.0000000000	med12
223.6230000000	0.0002000000	stimulus	n/a	2236230.0000000000	med1
223.8843000000	0.0002000000	stimulus	n/a	2238843.0000000000	med12
224.1575000000	0.0002000000	stimulus	n/a	2241575.0000000000	med2
224.4163000000	0.0002000000	stimulus	n/a	2244163.0000000000	med1
224.6883000000	0.0002000000	stimulus	n/a	2246883.0000000000	med1
224.9744000000	0.0002000000	stimulus	n/a	2249744.0000000000	med1
225.2503000000	0.0002000000	stimulus	n/a	2252503.0000000000	med1
225.4924000000	0.0002000000	stimulus	n/a	2254924.0000000000	med12
225.7653000000	0.0002000000	stimulus	n/a	2257653.0000000000	med2
226.0324000000	0.0002000000	stimulus	n/a	2260324.0000000000	med1
226.3024000000	0.0002000000	stimulus	n/a	2263024.0000000000	med12
226.5817000000	0.0002000000	stimulus	n/a	2265817.0000000000	med12
226.8297000000	0.0002000000	stimulus	n/a	2268297.0000000000	med1
227.1006000000	0.0002000000	stimulus	n/a	2271006.0000000000	med12
227.3657000000	0.0002000000	stimulus	n/a	2273657.0000000000	med12
227.6178000000	0.0002000000	stimulus	n/a	2276178.0000000000	med1
227.8797000000	0.0002000000	stimulus	n/a	2278797.0000000000	med1
228.1181000000	0.0002000000	stimulus	n/a	2281181.0000000000	med2
228.3992000000	0.0002000000	stimulus	n/a	2283992.0000000000	med12
228.6382000000	0.0002000000	stimulus	n/a	2286382.0000000000	med1
228.9014000000	0.0002000000	stimulus	n/a	2289014.0000000000	med12
229.1660000000	0.0002000000	stimulus	n/a	2291660.0000000000	med12
229.4442000000	0.0002000000	stimulus	n/a	2294442.0000000000	med2
229.7051000000	0.0002000000	stimulus	n/a	2297051.0000000000	med2
229.9875000000	0.0002000000	stimulus	n/a	2299875.0000000000	med2
230.2376000000	0.0002000000	stimulus	n/a	2302376.0000000000	med2
230.4796000000	0.0002000000	stimulus	n/a	2304796.0000000000	med2
230.7587000000	0.0002000000	stimulus	n/a	2307587.0000000000	med12
231.0307000000	0.0002000000	stimulus	n/a	2310307.0000000000	med12
231.3137000000	0.0002000000	stimulus	n/a	2313137.0000000000	med12
231.5917000000	0.0002000000	stimulus	n/a	2315917.0000000000	med12
231.8621000000	0.0002000000	stimulus	n/a	2318621.0000000000	med1
232.1351000000	0.0002000000	stimulus	n/a	2321351.0000000000	med2
232.3772000000	0.0002000000	stimulus	n/a	2323772.0000000000	med1
232.6566000000	0.0002000000	stimulus	n/a	2326566.0000000000	med12
232.9237000000	0.0002000000	stimulus	n/a	2329237.0000000000	med1
233.1767000000	0.0002000000	stimulus	n/a	2331767.0000000000	med12
233.4360000000	0.0002000000	stimulus	n/a	2334360.0000000000	med1
233.6950000000	0.0002000000	stimulus	n/a	2336950.0000000000	med2
233.9370000000	0.0002000000	stimulus	n/a	2339370.0000000000	med12
234.1842000000	0.0002000000	stimulus	n/a	2341842.0000000000	med1
234.4442000000	0.0002000000	stimulus	n/a	2344442.0000000000	med1
234.6852000000	0.0002000000	stimulus	n/a	2346852.0000000000	med1
234.9322000000	0.0002000000	stimulus	n/a	2349322.0000000000	med1
235.1866000000	0.0002000000	stimulus	n/a	2351866.0000000000	med1
235.4326000000	0.0002000000	stimulus	n/a	2354326.0000000000	med12
235.7076000000	0.0002000000	stimulus	n/a	2357076.0000000000	med1
235.9706000000	0.0002000000	stimulus	n/a	2359706.0000000000	med12
236.2396000000	0.0002000000	stimulus	n/a	2362396.0000000000	med1
236.5150000000	0.0002000000	stimulus	n/a	2365150.0000000000	med1
236.7810000000	0.0002000000	stimulus	n/a	2367810.0000000000	med12
237.0620000000	0.0002000000	stimulus	n/a	2370620.0000000000	med12
237.3270000000	0.0002000000	stimulus	n/a	2373270.0000000000	med2
237.5682000000	0.0002000000	stimulus	n/a	2375682.0000000000	med12
237.8363000000	0.0002000000	stimulus	n/a	2378363.0000000000	med2
238.1115000000	0.0002000000	stimulus	n/a	2381115.0000000000	med12
238.3915000000	0.0002000000	stimulus	n/a	2383915.0000000000	med12
238.6365000000	0.0002000000	stimulus	n/a	2386365.0000000000	med12
238.9109000000	0.0002000000	stimulus	n/a	2389109.0000000000	med2
239.1659000000	0.0002000000	stimulus	n/a	2391659.0000000000	med1
239.4531000000	0.0002000000	stimulus	n/a	2394531.0000000000	med2
239.6971000000	0.0002000000	stimulus	n/a	2396971.0000000000	med12
239.9562000000	0.0002000000	stimulus	n/a	2399562.0000000000	med2
240.2063000000	0.0002000000	stimulus	n/a	2402063.0000000000	med1
240.4544000000	0.0002000000	stimulus	n/a	2404544.0000000000	med12
240.7345000000	0.0002000000	stimulus	n/a	2407345.0000000000	med1
241.0216000000	0.0002000000	stimulus	n/a	2410216.0000000000	med2
241.2886000000	0.0002000000	stimulus	n/a	2412886.0000000000	med1
241.5627000000	0.0002000000	stimulus	n/a	2415627.0000000000	med2
241.8226000000	0.0002000000	stimulus	n/a	2418226.0000000000	med1
242.1036000000	0.0002000000	stimulus	n/a	2421036.0000000000	med2
242.3605000000	0.0002000000	stimulus	n/a	2423605.0000000000	med1
242.6236000000	0.0002000000	stimulus	n/a	2426236.0000000000	med12
242.8796000000	0.0002000000	stimulus	n/a	2428796.0000000000	med2
243.1342000000	0.0002000000	stimulus	n/a	2431342.0000000000	med12
243.4164000000	0.0002000000	stimulus	n/a	2434164.0000000000	med12
243.6674000000	0.0002000000	stimulus	n/a	2436674.0000000000	med12
243.9167000000	0.0002000000	stimulus	n/a	2439167.0000000000	med1
244.1569000000	0.0002000000	stimulus	n/a	2441569.0000000000	med12
244.4380000000	0.0002000000	stimulus	n/a	2444380.0000000000	med2
244.6841000000	0.0002000000	stimulus	n/a	2446841.0000000000	med1
244.9711000000	0.0002000000	stimulus	n/a	2449711.0000000000	med1
245.2395000000	0.0002000000	stimulus	n/a	2452395.0000000000	med12
245.5025000000	0.0002000000	stimulus	n/a	2455025.0000000000	med2
245.7765000000	0.0002000000	stimulus	n/a	2457765.0000000000	med2
246.0176000000	0.0002000000	stimulus	n/a	2460176.0000000000	med12
246.2606000000	0.0002000000	stimulus	n/a	2462606.0000000000	med2
246.5037000000	0.0002000000	stimulus	n/a	2465037.0000000000	med12
246.7898000000	0.0002000000	stimulus	n/a	2467898.0000000000	med12
247.0711000000	0.0002000000	stimulus	n/a	2470711.0000000000	med12
247.3393000000	0.0002000000	stimulus	n/a	2473393.0000000000	med12
247.5983000000	0.0002000000	stimulus	n/a	2475983.0000000000	med2
247.8467000000	0.0002000000	stimulus	n/a	2478467.0000000000	med2
248.0837000000	0.0002000000	stimulus	n/a	2480837.0000000000	med2
248.3668000000	0.0002000000	stimulus	n/a	2483668.0000000000	med12
248.6539000000	0.0002000000	stimulus	n/a	2486539.0000000000	med1
248.9113000000	0.0002000000	stimulus	n/a	2489113.0000000000	med12
249.1513000000	0.0002000000	stimulus	n/a	2491513.0000000000	med2
249.4353000000	0.0002000000	stimulus	n/a	2494353.0000000000	med2
249.6874000000	0.0002000000	stimulus	n/a	2496874.0000000000	med1
249.9574000000	0.0002000000	stimulus	n/a	2499574.0000000000	med2
250.2065000000	0.0002000000	stimulus	n/a	2502065.0000000000	med2
250.4797000000	0.0002000000	stimulus	n/a	2504797.0000000000	med12
250.7317000000	0.0002000000	stimulus	n/a	2507317.0000000000	med1
250.9977000000	0.0002000000	stimulus	n/a	2509977.0000000000	med1
251.2598000000	0.0002000000	stimulus	n/a	2512598.0000000000	med2
251.5339000000	0.0002000000	stimulus	n/a	2515339.0000000000	med2
251.8140000000	0.0002000000	stimulus	n/a	2518140.0000000000	med2
252.0900000000	0.0002000000	stimulus	n/a	2520900.0000000000	med2
252.3714000000	0.0002000000	stimulus	n/a	2523714.0000000000	med12
252.6544000000	0.0002000000	stimulus	n/a	2526544.0000000000	med2
252.9243000000	0.0002000000	stimulus	n/a	2529243.0000000000	med2
253.2007000000	0.0002000000	stimulus	n/a	2532007.0000000000	med1
253.4618000000	0.0002000000	stimulus	n/a	2534618.0000000000	med1
253.7008000000	0.0002000000	stimulus	n/a	2537008.0000000000	med1
253.9408000000	0.0002000000	stimulus	n/a	2539408.0000000000	med12
254.1988000000	0.0002000000	stimulus	n/a	2541988.0000000000	med12
254.4799000000	0.0002000000	stimulus	n/a	2544799.0000000000	med2
254.7440000000	0.0002000000	stimulus	n/a	2547440.0000000000	med1
255.0213000000	0.0002000000	stimulus	n/a	2550213.0000000000	med1
255.2765000000	0.0002000000	stimulus	n/a	2552765.0000000000	med2
255.5265000000	0.0002000000	stimulus	n/a	2555265.0000000000	med1
255.7646000000	0.0002000000	stimulus	n/a	2557646.0000000000	med2
256.0096000000	0.0002000000	stimulus	n/a	2560096.0000000000	med1
256.2507000000	0.0002000000	stimulus	n/a	2562507.0000000000	med12
256.5008000000	0.0002000000	stimulus	n/a	2565008.0000000000	med1
256.7622000000	0.0002000000	stimulus	n/a	2567622.0000000000	med12
257.0222000000	0.0002000000	stimulus	n/a	2570222.0000000000	med2
257.3093000000	0.0002000000	stimulus	n/a	2573093.0000000000	med2
257.5655000000	0.0002000000	stimulus	n/a	2575655.0000000000	med1
257.8435000000	0.0002000000	stimulus	n/a	2578435.0000000000	med2
258.0915000000	0.0002000000	stimulus	n/a	2580915.0000000000	med1
258.3575000000	0.0002000000	stimulus	n/a	2583575.0000000000	med2
258.6059000000	0.0002000000	stimulus	n/a	2586059.0000000000	med12
258.8460000000	0.0002000000	stimulus	n/a	2588460.0000000000	med1
259.1040000000	0.0002000000	stimulus	n/a	2591040.0000000000	med2
259.3491000000	0.0002000000	stimulus	n/a	2593491.0000000000	med12
259.6074000000	0.0002000000	stimulus	n/a	2596074.0000000000	med1
259.8844000000	0.0002000000	stimulus	n/a	2598844.0000000000	med12
260.1705000000	0.0002000000	stimulus	n/a	2601705.0000000000	med2
260.4139000000	0.0002000000	stimulus	n/a	2604139.0000000000	med12
260.6799000000	0.0002000000	stimulus	n/a	2606799.0000000000	med12
260.9350000000	0.0002000000	stimulus	n/a	2609350.0000000000	med1
261.2211000000	0.0002000000	stimulus	n/a	2612211.0000000000	med2
261.5081000000	0.0002000000	stimulus	n/a	2615081.0000000000	med12
261.7672000000	0.0002000000	stimulus	n/a	2617672.0000000000	med1
262.0293000000	0.0002000000	stimulus	n/a	2620293.0000000000	med1
262.2726000000	0.0002000000	stimulus	n/a	2622726.0000000000	med1
262.5288000000	0.0002000000	stimulus	n/a	2625288.0000000000	med12
262.8039000000	0.0002000000	stimulus	n/a	2628039.0000000000	med2
263.0619000000	0.0002000000	stimulus	n/a	2630619.0000000000	med2
263.3019000000	0.0002000000	stimulus	n/a	2633019.0000000000	med1
263.5769000000	0.0002000000	stimulus	n/a	2635769.0000000000	med2
263.8268000000	0.0002000000	stimulus	n/a	2638268.0000000000	med12
264.0842000000	0.0002000000	stimulus	n/a	2640842.0000000000	med1
264.3353000000	0.0002000000	stimulus	n/a	2643353.0000000000	med1
264.6164000000	0.0002000000	stimulus	n/a	2646164.0000000000	med2
264.8545000000	0.0002000000	stimulus	n/a	2648545.0000000000	med2
265.1397000000	0.0002000000	stimulus	n/a	2651397.0000000000	med1
265.4117000000	0.0002000000	stimulus	n/a	2654117.0000000000	med12
265.6857000000	0.0002000000	stimulus	n/a	2656857.0000000000	med2
265.9640000000	0.0002000000	stimulus	n/a	2659640.0000000000	med2
266.2431000000	0.0002000000	stimulus	n/a	2662431.0000000000	med2
266.4821000000	0.0002000000	stimulus	n/a	2664821.0000000000	med2
266.7185000000	0.0002000000	stimulus	n/a	2667185.0000000000	med1
266.9545000000	0.0002000000	stimulus	n/a	2669545.0000000000	med12
267.2196000000	0.0002000000	stimulus	n/a	2672196.0000000000	med1
267.4876000000	0.0002000000	stimulus	n/a	2674876.0000000000	med2
267.7677000000	0.0002000000	stimulus	n/a	2677677.0000000000	med1
268.0448000000	0.0002000000	stimulus	n/a	2680448.0000000000	med12
268.3059000000	0.0002000000	stimulus	n/a	2683059.0000000000	med1
268.5833000000	0.0002000000	stimulus	n/a	2685833.0000000000	med1
268.8535000000	0.0002000000	stimulus	n/a	2688535.0000000000	med12
269.0896000000	0.0002000000	stimulus	n/a	2690896.0000000000	med1
269.3246000000	0.0002000000	stimulus	n/a	2693246.0000000000	med12
269.5649000000	0.0002000000	stimulus	n/a	2695649.0000000000	med2
269.8091000000	0.0002000000	stimulus	n/a	2698091.0000000000	med12
270.0541000000	0.0002000000	stimulus	n/a	2700541.0000000000	med12
270.3344000000	0.0002000000	stimulus	n/a	2703344.0000000000	med1
270.5825000000	0.0002000000	stimulus	n/a	2705825.0000000000	med1
270.8198000000	0.0002000000	stimulus	n/a	2708198.0000000000	med2
271.0898000000	0.0002000000	stimulus	n/a	2710898.0000000000	med2
271.3709000000	0.0002000000	stimulus	n/a	2713709.0000000000	med12
271.6429000000	0.0002000000	stimulus	n/a	2716429.0000000000	med2
271.9190000000	0.0002000000	stimulus	n/a	2719190.0000000000	med2
272.1731000000	0.0002000000	stimulus	n/a	2721731.0000000000	med12
272.4261000000	0.0002000000	stimulus	n/a	2724261.0000000000	med2
272.6892000000	0.0002000000	stimulus	n/a	2726892.0000000000	med2
272.9372000000	0.0002000000	stimulus	n/a	2729372.0000000000	med1
273.1785000000	0.0002000000	stimulus	n/a	2731785.0000000000	med2
273.4556000000	0.0002000000	stimulus	n/a	2734556.0000000000	med1
273.7226000000	0.0002000000	stimulus	n/a	2737226.0000000000	med2
273.9996000000	0.0002000000	stimulus	n/a	2739996.0000000000	med2
274.2460000000	0.0002000000	stimulus	n/a	2742460.0000000000	med1
274.4980000000	0.0002000000	stimulus	n/a	2744980.0000000000	med2
274.7571000000	0.0002000000	stimulus	n/a	2747571.0000000000	med1
275.0411000000	0.0002000000	stimulus	n/a	2750411.0000000000	med1
275.3171000000	0.0002000000	stimulus	n/a	2753171.0000000000	med12
275.5612000000	0.0002000000	stimulus	n/a	2755612.0000000000	med12
275.8462000000	0.0002000000	stimulus	n/a	2758462.0000000000	med1
276.1066000000	0.0002000000	stimulus	n/a	2761066.0000000000	med2
276.3706000000	0.0002000000	stimulus	n/a	2763706.0000000000	med2
276.6155000000	0.0002000000	stimulus	n/a	2766155.0000000000	med2
276.8736000000	0.0002000000	stimulus	n/a	2768736.0000000000	med2
277.1196000000	0.0002000000	stimulus	n/a	2771196.0000000000	med2
277.3573000000	0.0002000000	stimulus	n/a	2773573.0000000000	med12
277.6013000000	0.0002000000	stimulus	n/a	2776013.0000000000	med1
277.8863000000	0.0002000000	stimulus	n/a	2778863.0000000000	med12
278.1347000000	0.0002000000	stimulus	n/a	2781347.0000000000	med1
278.3797000000	0.0002000000	stimulus	n/a	2783797.0000000000	med2
278.6369000000	0.0002000000	stimulus	n/a	2786369.0000000000	med1
278.9030000000	0.0002000000	stimulus	n/a	2789030.0000000000	med1
279.1590000000	0.0002000000	stimulus	n/a	2791590.0000000000	med12
279.4203000000	0.0002000000	stimulus	n/a	2794203.0000000000	med1
279.6613000000	0.0002000000	stimulus	n/a	2796613.0000000000	med12
279.8986000000	0.0002000000	stimulus	n/a	2798986.0000000000	med1
280.1757000000	0.0002000000	stimulus	n/a	2801757.0000000000	med2
280.4287000000	0.0002000000	stimulus	n/a	2804287.0000000000	med12
280.6918000000	0.0002000000	stimulus	n/a	2806918.0000000000	med12
280.9468000000	0.0002000000	stimulus	n/a	2809468.0000000000	med2
281.1969000000	0.0002000000	stimulus	n/a	2811969.0000000000	med1
281.4379000000	0.0002000000	stimulus	n/a	2814379.0000000000	med12
281.6960000000	0.0002000000	stimulus	n/a	2816960.0000000000	med12
281.9720000000	0.0002000000	stimulus	n/a	2819720.0000000000	med12
282.2164000000	0.0002000000	stimulus	n/a	2822164.0000000000	med12
282.4554000000	0.0002000000	stimulus	n/a	2824554.0000000000	med12
282.7114000000	0.0002000000	stimulus	n/a	2827114.0000000000	med1
282.9924000000	0.0002000000	stimulus	n/a	2829924.0000000000	med12
283.2584000000	0.0002000000	stimulus	n/a	2832584.0000000000	med1
283.5195000000	0.0002000000	stimulus	n/a	2835195.0000000000	med2
283.7748000000	0.0002000000	stimulus	n/a	2837748.0000000000	med12
284.0218000000	0.0002000000	stimulus	n/a	2840218.0000000000	med12
284.2628000000	0.0002000000	stimulus	n/a	2842628.0000000000	med2
284.5131000000	0.0002000000	stimulus	n/a	2845131.0000000000	med1
284.7680000000	0.0002000000	stimulus	n/a	2847680.0000000000	med1
285.0234000000	0.0002000000	stimulus	n/a	2850234.0000000000	med2
285.2605000000	0.0002000000	stimulus	n/a	2852605.0000000000	med2
285.5076000000	0.0002000000	stimulus	n/a	2855076.0000000000	med1
285.7877000000	0.0002000000	stimulus	n/a	2857877.0000000000	med2
286.0427000000	0.0002000000	stimulus	n/a	2860427.0000000000	med1
286.3218000000	0.0002000000	stimulus	n/a	2863218.0000000000	med1
286.6078000000	0.0002000000	stimulus	n/a	2866078.0000000000	med2
286.8681000000	0.0002000000	stimulus	n/a	2868681.0000000000	med1
287.1311000000	0.0002000000	stimulus	n/a	2871311.0000000000	med1
287.3841000000	0.0002000000	stimulus	n/a	2873841.0000000000	med2
287.6444000000	0.0002000000	stimulus	n/a	2876444.0000000000	med2
287.9285000000	0.0002000000	stimulus	n/a	2879285.0000000000	med12
288.1967000000	0.0002000000	stimulus	n/a	2881967.0000000000	med1
288.4338000000	0.0002000000	stimulus	n/a	2884338.0000000000	med2
288.6788000000	0.0002000000	stimulus	n/a	2886788.0000000000	med2
288.9558000000	0.0002000000	stimulus	n/a	2889558.0000000000	med12
289.2229000000	0.0002000000	stimulus	n/a	2892229.0000000000	med12
289.4743000000	0.0002000000	stimulus	n/a	2894743.0000000000	med2
289.7173000000	0.0002000000	stimulus	n/a	2897173.0000000000	med1
289.9854000000	0.0002000000	stimulus	n/a	2899854.0000000000	med2
290.2643000000	0.0002000000	stimulus	n/a	2902643.0000000000	med2
290.5446000000	0.0002000000	stimulus	n/a	2905446.0000000000	med1
290.7967000000	0.0002000000	stimulus	n/a	2907967.0000000000	med2
291.0348000000	0.0002000000	stimulus	n/a	2910348.0000000000	med2
291.2701000000	0.0002000000	stimulus	n/a	2912701.0000000000	med12
291.5232000000	0.0002000000	stimulus	n/a	2915232.0000000000	med1
291.7783000000	0.0002000000	stimulus	n/a	2917783.0000000000	med12
292.0483000000	0.0002000000	stimulus	n/a	2920483.0000000000	med12
292.2854000000	0.0002000000	stimulus	n/a	2922854.0000000000	med2
292.5487000000	0.0002000000	stimulus	n/a	2925487.0000000000	med1
292.7918000000	0.0002000000	stimulus	n/a	2927918.0000000000	med12
293.0457000000	0.0002000000	stimulus	n/a	2930457.0000000000	med2
293.3048000000	0.0002000000	stimulus	n/a	2933048.0000000000	med1
293.5452000000	0.0002000000	stimulus	n/a	2935452.0000000000	med12
293.7992000000	0.0002000000	stimulus	n/a	2937992.0000000000	med1
294.0853000000	0.0002000000	stimulus	n/a	2940853.0000000000	med12
294.3273000000	0.0002000000	stimulus	n/a	2943273.0000000000	med12
294.5974000000	0.0002000000	stimulus	n/a	2945974.0000000000	med1
294.8695000000	0.0002000000	stimulus	n/a	2948695.0000000000	med1
295.1065000000	0.0002000000	stimulus	n/a	2951065.0000000000	med12
295.3559000000	0.0002000000	stimulus	n/a	2953559.0000000000	med2
295.6240000000	0.0002000000	stimulus	n/a	2956240.0000000000	med12
295.8692000000	0.0002000000	stimulus	n/a	2958692.0000000000	med1
296.1292000000	0.0002000000	stimulus	n/a	2961292.0000000000	med2
296.3892000000	0.0002000000	stimulus	n/a	2963892.0000000000	med2
296.6353000000	0.0002000000	stimulus	n/a	2966353.0000000000	med1
296.9153000000	0.0002000000	stimulus	n/a	2969153.0000000000	med12
297.1676000000	0.0002000000	stimulus	n/a	2971676.0000000000	med2
297.4236000000	0.0002000000	stimulus	n/a	2974236.0000000000	med1
297.6786000000	0.0002000000	stimulus	n/a	2976786.0000000000	med2
297.9457000000	0.0002000000	stimulus	n/a	2979457.0000000000	med12
298.2028000000	0.0002000000	stimulus	n/a	2982028.0000000000	med12
298.4649000000	0.0002000000	stimulus	n/a	2984649.0000000000	med2
298.7189000000	0.0002000000	stimulus	n/a	2987189.0000000000	med12
299.0040000000	0.0002000000	stimulus	n/a	2990040.0000000000	med1
299.2564000000	0.0002000000	stimulus	n/a	2992564.0000000000	med12
299.5244000000	0.0002000000	stimulus	n/a	2995244.0000000000	med1
299.7974000000	0.0002000000	stimulus	n/a	2997974.0000000000	med1
300.0544000000	0.0002000000	stimulus	n/a	3000544.0000000000	med1
300.3085000000	0.0002000000	stimulus	n/a	3003085.0000000000	med12
300.5546000000	0.0002000000	stimulus	n/a	3005546.0000000000	med1
300.8385000000	0.0002000000	stimulus	n/a	3008385.0000000000	med2
301.1118000000	0.0002000000	stimulus	n/a	3011118.0000000000	med2
301.3628000000	0.0002000000	stimulus	n/a	3013628.0000000000	med2
301.6018000000	0.0002000000	stimulus	n/a	3016018.0000000000	med2
301.8818000000	0.0002000000	stimulus	n/a	3018818.0000000000	med1
302.1268000000	0.0002000000	stimulus	n/a	3021268.0000000000	med1
302.3668000000	0.0002000000	stimulus	n/a	3023668.0000000000	med12
302.6438000000	0.0002000000	stimulus	n/a	3026438.0000000000	med12
302.9102000000	0.0002000000	stimulus	n/a	3029102.0000000000	med1
303.1722000000	0.0002000000	stimulus	n/a	3031722.0000000000	med12
303.4272000000	0.0002000000	stimulus	n/a	3034272.0000000000	med1
303.6803000000	0.0002000000	stimulus	n/a	3036803.0000000000	med1
303.9582000000	0.0002000000	stimulus	n/a	3039582.0000000000	med2
304.2293000000	0.0002000000	stimulus	n/a	3042293.0000000000	med2
304.4982000000	0.0002000000	stimulus	n/a	3044982.0000000000	med12
304.7487000000	0.0002000000	stimulus	n/a	3047487.0000000000	med2
305.0257000000	0.0002000000	stimulus	n/a	3050257.0000000000	med2
305.2727000000	0.0002000000	stimulus	n/a	3052727.0000000000	med2
305.5271000000	0.0002000000	stimulus	n/a	3055271.0000000000	med1
305.7791000000	0.0002000000	stimulus	n/a	3057791.0000000000	med2
306.0261000000	0.0002000000	stimulus	n/a	3060261.0000000000	med12
306.2611000000	0.0002000000	stimulus	n/a	3062611.0000000000	med1
306.5431000000	0.0002000000	stimulus	n/a	3065431.0000000000	med1
306.8222000000	0.0002000000	stimulus	n/a	3068222.0000000000	med12
307.0824000000	0.0002000000	stimulus	n/a	3070824.0000000000	med12
307.3558000000	0.0002000000	stimulus	n/a	3073558.0000000000	med2
307.6399000000	0.0002000000	stimulus	n/a	3076399.0000000000	med12
307.9050000000	0.0002000000	stimulus	n/a	3079050.0000000000	med12
308.1641000000	0.0002000000	stimulus	n/a	3081641.0000000000	med1
308.4282000000	0.0002000000	stimulus	n/a	3084282.0000000000	med12
308.6661000000	0.0002000000	stimulus	n/a	3086661.0000000000	med1
308.9152000000	0.0002000000	stimulus	n/a	3089152.0000000000	med12
309.1853000000	0.0002000000	stimulus	n/a	3091853.0000000000	med12
309.4213000000	0.0002000000	stimulus	n/a	3094213.0000000000	med12
309.7003000000	0.0002000000	stimulus	n/a	3097003.0000000000	med1
309.9783000000	0.0002000000	stimulus	n/a	3099783.0000000000	med1
310.2364000000	0.0002000000	stimulus	n/a	3102364.0000000000	med12
310.4857000000	0.0002000000	stimulus	n/a	3104857.0000000000	med2
310.7368000000	0.0002000000	stimulus	n/a	3107368.0000000000	med2
310.9818000000	0.0002000000	stimulus	n/a	3109818.0000000000	med12
311.2308000000	0.0002000000	stimulus	n/a	3112308.0000000000	med12
311.4747000000	0.0002000000	stimulus	n/a	3114747.0000000000	med12
311.7138000000	0.0002000000	stimulus	n/a	3117138.0000000000	med2
311.9709000000	0.0002000000	stimulus	n/a	3119709.0000000000	med1
312.2333000000	0.0002000000	stimulus	n/a	3122333.0000000000	med1
312.5113000000	0.0002000000	stimulus	n/a	3125113.0000000000	med12
312.7733000000	0.0002000000	stimulus	n/a	3127733.0000000000	med2
313.0464000000	0.0002000000	stimulus	n/a	3130464.0000000000	med1
313.2835000000	0.0002000000	stimulus	n/a	3132835.0000000000	med12
313.5565000000	0.0002000000	stimulus	n/a	3135565.0000000000	med2
313.8086000000	0.0002000000	stimulus	n/a	3138086.0000000000	med2
314.0520000000	0.0002000000	stimulus	n/a	3140520.0000000000	med2
314.3050000000	0.0002000000	stimulus	n/a	3143050.0000000000	med2
314.5800000000	0.0002000000	stimulus	n/a	3145800.0000000000	med1
314.8180000000	0.0002000000	stimulus	n/a	3148180.0000000000	med2
315.0700000000	0.0002000000	stimulus	n/a	3150700.0000000000	med12
315.3140000000	0.0002000000	stimulus	n/a	3153140.0000000000	med12
315.5570000000	0.0002000000	stimulus	n/a	3155570.0000000000	med1
315.7930000000	0.0002000000	stimulus	n/a	3157930.0000000000	med12
316.0771000000	0.0002000000	stimulus	n/a	3160771.0000000000	med2
316.3192000000	0.0002000000	stimulus	n/a	3163192.0000000000	med1
316.5933000000	0.0002000000	stimulus	n/a	3165933.0000000000	med12
316.8412000000	0.0002000000	stimulus	n/a	3168412.0000000000	med12
317.0883000000	0.0002000000	stimulus	n/a	3170883.0000000000	med1
317.3623000000	0.0002000000	stimulus	n/a	3173623.0000000000	med2
317.6313000000	0.0002000000	stimulus	n/a	3176313.0000000000	med1
317.8862000000	0.0002000000	stimulus	n/a	3178862.0000000000	med12
318.1403000000	0.0002000000	stimulus	n/a	3181403.0000000000	med2
318.3783000000	0.0002000000	stimulus	n/a	3183783.0000000000	med2
318.6364000000	0.0002000000	stimulus	n/a	3186364.0000000000	med2
318.8974000000	0.0002000000	stimulus	n/a	3188974.0000000000	med1
319.1595000000	0.0002000000	stimulus	n/a	3191595.0000000000	med1
319.4095000000	0.0002000000	stimulus	n/a	3194095.0000000000	med2
319.6565000000	0.0002000000	stimulus	n/a	3196565.0000000000	med1
319.9114000000	0.0002000000	stimulus	n/a	3199114.0000000000	med12
320.1895000000	0.0002000000	stimulus	n/a	3201895.0000000000	med1
320.4745000000	0.0002000000	stimulus	n/a	3204745.0000000000	med1
320.7415000000	0.0002000000	stimulus	n/a	3207415.0000000000	med2
321.0159000000	0.0002000000	stimulus	n/a	3210159.0000000000	med2
321.2769000000	0.0002000000	stimulus	n/a	3212769.0000000000	med1
321.5270000000	0.0002000000	stimulus	n/a	3215270.0000000000	med12
321.7713000000	0.0002000000	stimulus	n/a	3217713.0000000000	med1
322.0376000000	0.0002000000	stimulus	n/a	3220376.0000000000	med12
322.3166000000	0.0002000000	stimulus	n/a	3223166.0000000000	med1
322.5695000000	0.0002000000	stimulus	n/a	3225695.0000000000	med12
322.8406000000	0.0002000000	stimulus	n/a	3228406.0000000000	med12
323.0997000000	0.0002000000	stimulus	n/a	3230997.0000000000	med1
323.3486000000	0.0002000000	stimulus	n/a	3233486.0000000000	med1
323.5990000000	0.0002000000	stimulus	n/a	3235990.0000000000	med12
323.8420000000	0.0002000000	stimulus	n/a	3238420.0000000000	med1
324.0960000000	0.0002000000	stimulus	n/a	3240960.0000000000	med12
324.3522000000	0.0002000000	stimulus	n/a	3243522.0000000000	med2
324.6052000000	0.0002000000	stimulus	n/a	3246052.0000000000	med2
324.8573000000	0.0002000000	stimulus	n/a	3248573.0000000000	med12
325.1384000000	0.0002000000	stimulus	n/a	3251384.0000000000	med12
325.4044000000	0.0002000000	stimulus	n/a	3254044.0000000000	med1
325.6774000000	0.0002000000	stimulus	n/a	3256774.0000000000	med12
325.9274000000	0.0002000000	stimulus	n/a	3259274.0000000000	med12
326.1716000000	0.0002000000	stimulus	n/a	3261716.0000000000	med1
326.4339000000	0.0002000000	stimulus	n/a	3264339.0000000000	med1
326.6740000000	0.0002000000	stimulus	n/a	3266740.0000000000	med1
326.9420000000	0.0002000000	stimulus	n/a	3269420.0000000000	med2
327.2252000000	0.0002000000	stimulus	n/a	3272252.0000000000	med2
327.5063000000	0.0002000000	stimulus	n/a	3275063.0000000000	med12
327.7463000000	0.0002000000	stimulus	n/a	3277463.0000000000	med2
327.9974000000	0.0002000000	stimulus	n/a	3279974.0000000000	med2
328.2445000000	0.0002000000	stimulus	n/a	3282445.0000000000	med12
328.4956000000	0.0002000000	stimulus	n/a	3284956.0000000000	med2
328.7537000000	0.0002000000	stimulus	n/a	3287537.0000000000	med2
329.0118000000	0.0002000000	stimulus	n/a	3290118.0000000000	med1
329.2637000000	0.0002000000	stimulus	n/a	3292637.0000000000	med2
329.5070000000	0.0002000000	stimulus	n/a	3295070.0000000000	med12
329.7691000000	0.0002000000	stimulus	n/a	3297691.0000000000	med12
330.0431000000	0.0002000000	stimulus	n/a	3300431.0000000000	med2
330.2820000000	0.0002000000	stimulus	n/a	3302820.0000000000	med2
330.5540000000	0.0002000000	stimulus	n/a	3305540.0000000000	med2
330.8182000000	0.0002000000	stimulus	n/a	3308182.0000000000	med1
331.0582000000	0.0002000000	stimulus	n/a	3310582.0000000000	med12
331.3197000000	0.0002000000	stimulus	n/a	3313197.0000000000	med2
331.5741000000	0.0002000000	stimulus	n/a	3315741.0000000000	med12
331.8242000000	0.0002000000	stimulus	n/a	3318242.0000000000	med1
332.1021000000	0.0002000000	stimulus	n/a	3321021.0000000000	med1
332.3422000000	0.0002000000	stimulus	n/a	3323422.0000000000	med12
332.6153000000	0.0002000000	stimulus	n/a	3326153.0000000000	med2
332.8813000000	0.0002000000	stimulus	n/a	3328813.0000000000	med1
333.1363000000	0.0002000000	stimulus	n/a	3331363.0000000000	med1
333.3963000000	0.0002000000	stimulus	n/a	3333963.0000000000	med2
333.6444000000	0.0002000000	stimulus	n/a	3336444.0000000000	med12
333.9113000000	0.0002000000	stimulus	n/a	3339113.0000000000	med2
334.1844000000	0.0002000000	stimulus	n/a	3341844.0000000000	med1
334.4294000000	0.0002000000	stimulus	n/a	3344294.0000000000	med2
334.6664000000	0.0002000000	stimulus	n/a	3346664.0000000000	med2
334.9325000000	0.0002000000	stimulus	n/a	3349325.0000000000	med1
335.2048000000	0.0002000000	stimulus	n/a	3352048.0000000000	med2
335.4879000000	0.0002000000	stimulus	n/a	3354879.0000000000	med1
335.7539000000	0.0002000000	stimulus	n/a	3357539.0000000000	med1
336.0119000000	0.0002000000	stimulus	n/a	3360119.0000000000	med1
336.2970000000	0.0002000000	stimulus	n/a	3362970.0000000000	med12
336.5500000000	0.0002000000	stimulus	n/a	3365500.0000000000	med1
336.8331000000	0.0002000000	stimulus	n/a	3368331.0000000000	med1
337.0802000000	0.0002000000	stimulus	n/a	3370802.0000000000	med1
337.3193000000	0.0002000000	stimulus	n/a	3373193.0000000000	med1
337.5712000000	0.0002000000	stimulus	n/a	3375712.0000000000	med2
337.8083000000	0.0002000000	stimulus	n/a	3378083.0000000000	med2
338.0583000000	0.0002000000	stimulus	n/a	3380583.0000000000	med2
338.3413000000	0.0002000000	stimulus	n/a	3383413.0000000000	med1
338.6116000000	0.0002000000	stimulus	n/a	3386116.0000000000	med1
338.8897000000	0.0002000000	stimulus	n/a	3388897.0000000000	med2
339.1698000000	0.0002000000	stimulus	n/a	3391698.0000000000	med2
339.4067000000	0.0002000000	stimulus	n/a	3394067.0000000000	med12
339.6717000000	0.0002000000	stimulus	n/a	3396717.0000000000	med12
339.9277000000	0.0002000000	stimulus	n/a	3399277.0000000000	med1
340.2018000000	0.0002000000	stimulus	n/a	3402018.0000000000	med1
340.4532000000	0.0002000000	stimulus	n/a	3404532.0000000000	med2
340.7303000000	0.0002000000	stimulus	n/a	3407303.0000000000	med12
341.0023000000	0.0002000000	stimulus	n/a	3410023.0000000000	med2
341.2733000000	0.0002000000	stimulus	n/a	3412733.0000000000	med12
341.5173000000	0.0002000000	stimulus	n/a	3415173.0000000000	med2
341.7834000000	0.0002000000	stimulus	n/a	3417834.0000000000	med1
342.0679000000	0.0002000000	stimulus	n/a	3420679.0000000000	med1
342.3200000000	0.0002000000	stimulus	n/a	3423200.0000000000	med12
342.5950000000	0.0002000000	stimulus	n/a	3425950.0000000000	med2
342.8653000000	0.0002000000	stimulus	n/a	3428653.0000000000	med12
343.1404000000	0.0002000000	stimulus	n/a	3431404.0000000000	med2
343.4005000000	0.0002000000	stimulus	n/a	3434005.0000000000	med1
343.6595000000	0.0002000000	stimulus	n/a	3436595.0000000000	med2
343.9435000000	0.0002000000	stimulus	n/a	3439435.0000000000	med1
344.1816000000	0.0002000000	stimulus	n/a	3441816.0000000000	med2
344.4496000000	0.0002000000	stimulus	n/a	3444496.0000000000	med12
344.7266000000	0.0002000000	stimulus	n/a	3447266.0000000000	med1
345.0096000000	0.0002000000	stimulus	n/a	3450096.0000000000	med12
345.2876000000	0.0002000000	stimulus	n/a	3452876.0000000000	med2
345.5285000000	0.0002000000	stimulus	n/a	3455285.0000000000	med12
345.7739000000	0.0002000000	stimulus	n/a	3457739.0000000000	med2
346.0379000000	0.0002000000	stimulus	n/a	3460379.0000000000	med12
346.3130000000	0.0002000000	stimulus	n/a	3463130.0000000000	med1
346.5913000000	0.0002000000	stimulus	n/a	3465913.0000000000	med12
346.8453000000	0.0002000000	stimulus	n/a	3468453.0000000000	med2
347.0833000000	0.0002000000	stimulus	n/a	3470833.0000000000	med12
347.3293000000	0.0002000000	stimulus	n/a	3473293.0000000000	med12
347.5743000000	0.0002000000	stimulus	n/a	3475743.0000000000	med1
347.8494000000	0.0002000000	stimulus	n/a	3478494.0000000000	med12
348.0865000000	0.0002000000	stimulus	n/a	3480865.0000000000	med2
348.3255000000	0.0002000000	stimulus	n/a	3483255.0000000000	med2
348.5696000000	0.0002000000	stimulus	n/a	3485696.0000000000	med2
348.8236000000	0.0002000000	stimulus	n/a	3488236.0000000000	med1
349.0577000000	0.0002000000	stimulus	n/a	3490577.0000000000	med2
349.2930000000	0.0002000000	stimulus	n/a	3492930.0000000000	med1
349.5461000000	0.0002000000	stimulus	n/a	3495461.0000000000	med2
349.7825000000	0.0002000000	stimulus	n/a	3497825.0000000000	med12
350.0495000000	0.0002000000	stimulus	n/a	3500495.0000000000	med2
350.2945000000	0.0002000000	stimulus	n/a	3502945.0000000000	med1
350.5776000000	0.0002000000	stimulus	n/a	3505776.0000000000	med2
350.8350000000	0.0002000000	stimulus	n/a	3508350.0000000000	med12
351.0890000000	0.0002000000	stimulus	n/a	3510890.0000000000	med2
351.3720000000	0.0002000000	stimulus	n/a	3513720.0000000000	med2
351.6271000000	0.0002000000	stimulus	n/a	3516271.0000000000	med2
351.9111000000	0.0002000000	stimulus	n/a	3519111.0000000000	med12
352.1651000000	0.0002000000	stimulus	n/a	3521651.0000000000	med1
352.4251000000	0.0002000000	stimulus	n/a	3524251.0000000000	med1
352.6725000000	0.0002000000	stimulus	n/a	3526725.0000000000	med12
352.9536000000	0.0002000000	stimulus	n/a	3529536.0000000000	med2
353.2235000000	0.0002000000	stimulus	n/a	3532235.0000000000	med1
353.4686000000	0.0002000000	stimulus	n/a	3534686.0000000000	med1
353.7076000000	0.0002000000	stimulus	n/a	3537076.0000000000	med2
353.9896000000	0.0002000000	stimulus	n/a	3539896.0000000000	med2
354.2486000000	0.0002000000	stimulus	n/a	3542486.0000000000	med1
354.4909000000	0.0002000000	stimulus	n/a	3544909.0000000000	med2
354.7400000000	0.0002000000	stimulus	n/a	3547400.0000000000	med12
355.0160000000	0.0002000000	stimulus	n/a	3550160.0000000000	med12
355.2919000000	0.0002000000	stimulus	n/a	3552919.0000000000	med12
355.5389000000	0.0002000000	stimulus	n/a	3555389.0000000000	med1
355.8219000000	0.0002000000	stimulus	n/a	3558219.0000000000	med12
356.0620000000	0.0002000000	stimulus	n/a	3560620.0000000000	med2
356.3403000000	0.0002000000	stimulus	n/a	3563403.0000000000	med1
356.6153000000	0.0002000000	stimulus	n/a	3566153.0000000000	med12
356.8783000000	0.0002000000	stimulus	n/a	3568783.0000000000	med2
357.1247000000	0.0002000000	stimulus	n/a	3571247.0000000000	med2
357.3728000000	0.0002000000	stimulus	n/a	3573728.0000000000	med1
357.6288000000	0.0002000000	stimulus	n/a	3576288.0000000000	med12
357.8959000000	0.0002000000	stimulus	n/a	3578959.0000000000	med2
358.1499000000	0.0002000000	stimulus	n/a	3581499.0000000000	med12
358.4349000000	0.0002000000	stimulus	n/a	3584349.0000000000	med2
358.7110000000	0.0002000000	stimulus	n/a	3587110.0000000000	med12
358.9693000000	0.0002000000	stimulus	n/a	3589693.0000000000	med1
359.2293000000	0.0002000000	stimulus	n/a	3592293.0000000000	med12
359.4713000000	0.0002000000	stimulus	n/a	3594713.0000000000	med1
359.7253000000	0.0002000000	stimulus	n/a	3597253.0000000000	med12
359.9807000000	0.0002000000	stimulus	n/a	3599807.0000000000	med12
360.2197000000	0.0002000000	stimulus	n/a	3602197.0000000000	med12
360.5067000000	0.0002000000	stimulus	n/a	3605067.0000000000	med2
360.7437000000	0.0002000000	stimulus	n/a	3607437.0000000000	med1
361.0239000000	0.0002000000	stimulus	n/a	3610239.0000000000	med2
361.2920000000	0.0002000000	stimulus	n/a	3612920.0000000000	med12
361.5319000000	0.0002000000	stimulus	n/a	3615319.0000000000	med1
361.8063000000	0.0002000000	stimulus	n/a	3618063.0000000000	med1
362.0923000000	0.0002000000	stimulus	n/a	3620923.0000000000	med12
362.3363000000	0.0002000000	stimulus	n/a	3623363.0000000000	med12
362.6154000000	0.0002000000	stimulus	n/a	3626154.0000000000	med1
362.8674000000	0.0002000000	stimulus	n/a	3628674.0000000000	med12
363.1094000000	0.0002000000	stimulus	n/a	3631094.0000000000	med2
363.3823000000	0.0002000000	stimulus	n/a	3633823.0000000000	med12
363.6214000000	0.0002000000	stimulus	n/a	3636214.0000000000	med12
363.8955000000	0.0002000000	stimulus	n/a	3638955.0000000000	med1
364.1375000000	0.0002000000	stimulus	n/a	3641375.0000000000	med12
364.3755000000	0.0002000000	stimulus	n/a	3643755.0000000000	med1
364.6436000000	0.0002000000	stimulus	n/a	3646436.0000000000	med1
364.9216000000	0.0002000000	stimulus	n/a	3649216.0000000000	med12
365.2066000000	0.0002000000	stimulus	n/a	3652066.0000000000	med12
365.4647000000	0.0002000000	stimulus	n/a	3654647.0000000000	med2
365.7378000000	0.0002000000	stimulus	n/a	3657378.0000000000	med12
365.9808000000	0.0002000000	stimulus	n/a	3659808.0000000000	med1
366.2388000000	0.0002000000	stimulus	n/a	3662388.0000000000	med1
366.5211000000	0.0002000000	stimulus	n/a	3665211.0000000000	med2
366.7652000000	0.0002000000	stimulus	n/a	3667652.0000000000	med2
367.0273000000	0.0002000000	stimulus	n/a	3670273.0000000000	med2
367.3097000000	0.0002000000	stimulus	n/a	3673097.0000000000	med12
367.5587000000	0.0002000000	stimulus	n/a	3675587.0000000000	med2
367.8177000000	0.0002000000	stimulus	n/a	3678177.0000000000	med2
368.0690000000	0.0002000000	stimulus	n/a	3680690.0000000000	med1
368.3550000000	0.0002000000	stimulus	n/a	3683550.0000000000	med1
368.6261000000	0.0002000000	stimulus	n/a	3686261.0000000000	med2
368.8600000000	0.0002000000	stimulus	n/a	3688600.0000000000	med2
369.1340000000	0.0002000000	stimulus	n/a	3691340.0000000000	med12
369.4041000000	0.0002000000	stimulus	n/a	3694041.0000000000	med2
369.6691000000	0.0002000000	stimulus	n/a	3696691.0000000000	med12
369.9344000000	0.0002000000	stimulus	n/a	3699344.0000000000	med1
370.2075000000	0.0002000000	stimulus	n/a	3702075.0000000000	med1
370.4796000000	0.0002000000	stimulus	n/a	3704796.0000000000	med12
370.7469000000	0.0002000000	stimulus	n/a	3707469.0000000000	med2
370.9859000000	0.0002000000	stimulus	n/a	3709859.0000000000	med2
371.2370000000	0.0002000000	stimulus	n/a	3712370.0000000000	med2
371.4915000000	0.0002000000	stimulus	n/a	3714915.0000000000	med2
371.7559000000	0.0002000000	stimulus	n/a	3717559.0000000000	med2
372.0360000000	0.0002000000	stimulus	n/a	3720360.0000000000	med12
372.2889000000	0.0002000000	stimulus	n/a	3722889.0000000000	med2
372.5682000000	0.0002000000	stimulus	n/a	3725682.0000000000	med12
372.8112000000	0.0002000000	stimulus	n/a	3728112.0000000000	med1
373.0613000000	0.0002000000	stimulus	n/a	3730613.0000000000	med2
373.3312000000	0.0002000000	stimulus	n/a	3733312.0000000000	med12
373.6093000000	0.0002000000	stimulus	n/a	3736093.0000000000	med2
373.8433000000	0.0002000000	stimulus	n/a	3738433.0000000000	med1
374.1214000000	0.0002000000	stimulus	n/a	3741214.0000000000	med1
374.4027000000	0.0002000000	stimulus	n/a	3744027.0000000000	med12
374.6669000000	0.0002000000	stimulus	n/a	3746669.0000000000	med12
374.9189000000	0.0002000000	stimulus	n/a	3749189.0000000000	med2
375.1770000000	0.0002000000	stimulus	n/a	3751770.0000000000	med12
375.4483000000	0.0002000000	stimulus	n/a	3754483.0000000000	med1
375.6953000000	0.0002000000	stimulus	n/a	3756953.0000000000	med12
375.9445000000	0.0002000000	stimulus	n/a	3759445.0000000000	med12
376.2268000000	0.0002000000	stimulus	n/a	3762268.0000000000	med12
376.4789000000	0.0002000000	stimulus	n/a	3764789.0000000000	med12
376.7429000000	0.0002000000	stimulus	n/a	3767429.0000000000	med2
376.9988000000	0.0002000000	stimulus	n/a	3769988.0000000000	med2
377.2767000000	0.0002000000	stimulus	n/a	3772767.0000000000	med1
377.5247000000	0.0002000000	stimulus	n/a	3775247.0000000000	med2
377.7928000000	0.0002000000	stimulus	n/a	3777928.0000000000	med1
378.0591000000	0.0002000000	stimulus	n/a	3780591.0000000000	med1
378.3011000000	0.0002000000	stimulus	n/a	3783011.0000000000	med1
378.5691000000	0.0002000000	stimulus	n/a	3785691.0000000000	med12
378.8310000000	0.0002000000	stimulus	n/a	3788310.0000000000	med2
379.0782000000	0.0002000000	stimulus	n/a	3790782.0000000000	med2
379.3253000000	0.0002000000	stimulus	n/a	3793253.0000000000	med2
379.5773000000	0.0002000000	stimulus	n/a	3795773.0000000000	med12
379.8263000000	0.0002000000	stimulus	n/a	3798263.0000000000	med12
380.0843000000	0.0002000000	stimulus	n/a	3800843.0000000000	med12
380.3363000000	0.0002000000	stimulus	n/a	3803363.0000000000	med2
380.6193000000	0.0002000000	stimulus	n/a	3806193.0000000000	med12
380.8706000000	0.0002000000	stimulus	n/a	3808706.0000000000	med12
381.1526000000	0.0002000000	stimulus	n/a	3811526.0000000000	med1
381.3987000000	0.0002000000	stimulus	n/a	3813987.0000000000	med1
381.6406000000	0.0002000000	stimulus	n/a	3816406.0000000000	med1
381.8817000000	0.0002000000	stimulus	n/a	3818817.0000000000	med1
382.1647000000	0.0002000000	stimulus	n/a	3821647.0000000000	med12
382.4337000000	0.0002000000	stimulus	n/a	3824337.0000000000	med1
382.6937000000	0.0002000000	stimulus	n/a	3826937.0000000000	med1
382.9729000000	0.0002000000	stimulus	n/a	3829729.0000000000	med1
383.2530000000	0.0002000000	stimulus	n/a	3832530.0000000000	med12
383.5090000000	0.0002000000	stimulus	n/a	3835090.0000000000	med2
383.7840000000	0.0002000000	stimulus	n/a	3837840.0000000000	med2
384.0561000000	0.0002000000	stimulus	n/a	3840561.0000000000	med2
384.3010000000	0.0002000000	stimulus	n/a	3843010.0000000000	med12
384.5384000000	0.0002000000	stimulus	n/a	3845384.0000000000	med12
384.7974000000	0.0002000000	stimulus	n/a	3847974.0000000000	med1
385.0544000000	0.0002000000	stimulus	n/a	3850544.0000000000	med12
385.3184000000	0.0002000000	stimulus	n/a	3853184.0000000000	med12
385.5854000000	0.0002000000	stimulus	n/a	3855854.0000000000	med2
385.8354000000	0.0002000000	stimulus	n/a	3858354.0000000000	med12
386.1114000000	0.0002000000	stimulus	n/a	3861114.0000000000	med1
386.3807000000	0.0002000000	stimulus	n/a	3863807.0000000000	med1
386.6247000000	0.0002000000	stimulus	n/a	3866247.0000000000	med2
386.8739000000	0.0002000000	stimulus	n/a	3868739.0000000000	med1
387.1169000000	0.0002000000	stimulus	n/a	3871169.0000000000	med2
387.3612000000	0.0002000000	stimulus	n/a	3873612.0000000000	med1
387.6403000000	0.0002000000	stimulus	n/a	3876403.0000000000	med12
387.8854000000	0.0002000000	stimulus	n/a	3878854.0000000000	med2
388.1415000000	0.0002000000	stimulus	n/a	3881415.0000000000	med12
388.4139000000	0.0002000000	stimulus	n/a	3884139.0000000000	med2
388.6869000000	0.0002000000	stimulus	n/a	3886869.0000000000	med12
388.9218000000	0.0002000000	stimulus	n/a	3889218.0000000000	med12
389.1679000000	0.0002000000	stimulus	n/a	3891679.0000000000	med1
389.4102000000	0.0002000000	stimulus	n/a	3894102.0000000000	med2
389.6623000000	0.0002000000	stimulus	n/a	3896623.0000000000	med2
389.9299000000	0.0002000000	stimulus	n/a	3899299.0000000000	med1
390.1750000000	0.0002000000	stimulus	n/a	3901750.0000000000	med1
390.4270000000	0.0002000000	stimulus	n/a	3904270.0000000000	med2
390.6990000000	0.0002000000	stimulus	n/a	3906990.0000000000	med1
390.9732000000	0.0002000000	stimulus	n/a	3909732.0000000000	med12
391.2212000000	0.0002000000	stimulus	n/a	3912212.0000000000	med2
391.4772000000	0.0002000000	stimulus	n/a	3914772.0000000000	med12
391.7362000000	0.0002000000	stimulus	n/a	3917362.0000000000	med2
392.0082000000	0.0002000000	stimulus	n/a	3920082.0000000000	med12
392.2666000000	0.0002000000	stimulus	n/a	3922666.0000000000	med12
392.5316000000	0.0002000000	stimulus	n/a	3925316.0000000000	med12
392.8136000000	0.0002000000	stimulus	n/a	3928136.0000000000	med12
393.0666000000	0.0002000000	stimulus	n/a	3930666.0000000000	med1
393.3080000000	0.0002000000	stimulus	n/a	3933080.0000000000	med12
393.5910000000	0.0002000000	stimulus	n/a	3935910.0000000000	med12
393.8539000000	0.0002000000	stimulus	n/a	3938539.0000000000	med1
394.1203000000	0.0002000000	stimulus	n/a	3941203.0000000000	med12
394.3733000000	0.0002000000	stimulus	n/a	3943733.0000000000	med2
394.6553000000	0.0002000000	stimulus	n/a	3946553.0000000000	med12
394.8907000000	0.0002000000	stimulus	n/a	3948907.0000000000	med2
395.1767000000	0.0002000000	stimulus	n/a	3951767.0000000000	med2
395.4607000000	0.0002000000	stimulus	n/a	3954607.0000000000	med12
395.7148000000	0.0002000000	stimulus	n/a	3957148.0000000000	med2
395.9918000000	0.0002000000	stimulus	n/a	3959918.0000000000	med1
396.2579000000	0.0002000000	stimulus	n/a	3962579.0000000000	med1
396.5418000000	0.0002000000	stimulus	n/a	3965418.0000000000	med1
